model_type,accuracy,precision,sensitivity,specificity,f1,auc
MultiModal,0.7395833333333334,0.7225806451612903,0.7777777777777778,0.7013888888888888,0.7491638795986622,0.8191068672839507
