model_type,accuracy,precision,sensitivity,specificity,f1,auc
MultiModal,0.6666666666666666,0.6666666666666666,0.6666666666666666,0.6666666666666666,0.6666666666666666,0.5592689043209876
FTIROnly,0.8020833333333334,0.9393939393939394,0.6458333333333334,0.9583333333333334,0.7654320987654321,0.8861400462962963
MZOnly,0.8333333333333334,0.75,1.0,0.6666666666666666,0.8571428571428571,0.6666666666666667
