model_type,accuracy,precision,sensitivity,specificity,f1,auc
MultiModal,0.6701388888888888,1.0,0.3402777777777778,1.0,0.5077720207253886,0.9924286265432098
