model_type,accuracy,precision,sensitivity,specificity,f1,auc
MultiModal,0.9305555555555556,1.0,0.8611111111111112,1.0,0.9253731343283582,0.9810474537037036
