model_type,accuracy,precision,sensitivity,specificity,f1,auc
MultiModal,0.90625,0.9606299212598425,0.8472222222222222,0.9652777777777778,0.9003690036900368,0.9840856481481481
