model_type,accuracy,precision,sensitivity,specificity,f1,auc
MultiModal,0.8819444444444444,0.8160919540229885,0.9861111111111112,0.7777777777777778,0.8930817610062893,0.9724633487654321
MZOnly,0.8333333333333334,0.75,1.0,0.6666666666666666,0.8571428571428571,0.7777777777777779
