model_type,accuracy,precision,sensitivity,specificity,f1,auc
MultiModal,0.9756944444444444,1.0,0.9513888888888888,1.0,0.9750889679715302,1.0
