model_type,accuracy,precision,sensitivity,specificity,f1,auc
MultiModal,0.8402777777777778,0.788235294117647,0.9305555555555556,0.75,0.8535031847133757,0.890673225308642
