model_type,accuracy,precision,sensitivity,specificity,f1,auc
MultiModal,0.8472222222222222,1.0,0.6944444444444444,1.0,0.819672131147541,0.9607445987654321
FTIROnly,0.8090277777777778,0.8201438848920863,0.7916666666666666,0.8263888888888888,0.8056537102473498,0.8856095679012346
MZOnly,0.8333333333333334,1.0,0.6666666666666666,1.0,0.8,1.0
