model_type,accuracy,precision,sensitivity,specificity,f1,auc
MultiModal,0.9166666666666666,0.9918032786885246,0.8402777777777778,0.9930555555555556,0.9097744360902256,0.9968653549382717
FTIROnly,0.8194444444444444,0.9339622641509434,0.6875,0.9513888888888888,0.792,0.9013310185185184
MZOnly,0.5,0.5,0.3333333333333333,0.6666666666666666,0.4,0.5555555555555556
ConcatFusion,1.0,1.0,1.0,1.0,1.0,1.0
GateOnlyFusion,0.8298611111111112,0.7486910994764397,0.9930555555555556,0.6666666666666666,0.853731343283582,0.8088831018518519
CoAttnOnlyFusion,0.8229166666666666,0.8163265306122449,0.8333333333333334,0.8125,0.8247422680412372,0.9379822530864197
SelfAttnFusion,0.9027777777777778,0.8372093023255814,1.0,0.8055555555555556,0.9113924050632911,1.0
SelfAttnOnlyFusion,0.9305555555555556,0.9428571428571428,0.9166666666666666,0.9444444444444444,0.9295774647887323,0.9853877314814815
