model_type,accuracy,precision,sensitivity,specificity,f1,auc
MultiModal,0.7256944444444444,0.7407407407407407,0.6944444444444444,0.7569444444444444,0.7168458781362007,0.8647280092592593
