model_type,accuracy,precision,sensitivity,specificity,f1,auc
MultiModal,0.7326388888888888,0.768,0.6666666666666666,0.7986111111111112,0.7137546468401487,0.8010706018518517
