model_type,accuracy,precision,sensitivity,specificity,f1,auc
MultiModal,0.7326388888888888,0.7445255474452555,0.7083333333333334,0.7569444444444444,0.7259786476868327,0.7902199074074074
