model_type,accuracy,precision,sensitivity,specificity,f1,auc
MultiModal,0.7951388888888888,0.8695652173913043,0.6944444444444444,0.8958333333333334,0.7722007722007722,0.9291087962962963
