model_type,accuracy,precision,sensitivity,specificity,f1,auc
MultiModal,0.9409722222222222,0.9319727891156463,0.9513888888888888,0.9305555555555556,0.9415807560137457,0.9652295524691358
FTIROnly,0.8125,0.8571428571428571,0.75,0.875,0.8,0.8856577932098766
MZOnly,0.7534722222222222,0.732484076433121,0.7986111111111112,0.7083333333333334,0.7641196013289037,0.8325135030864197
ConcatFusion,0.8611111111111112,0.9,0.8125,0.9097222222222222,0.8540145985401459,0.9359567901234568
GateOnlyFusion,0.8645833333333334,0.9487179487179487,0.7708333333333334,0.9583333333333334,0.8505747126436781,0.9255883487654321
CoAttnOnlyFusion,0.8819444444444444,0.84375,0.9375,0.8263888888888888,0.8881578947368421,0.949025848765432
SelfAttnOnlyFusion,0.8854166666666666,0.8936170212765957,0.875,0.8958333333333334,0.8842105263157894,0.9522569444444445
