model_type,accuracy,precision,sensitivity,specificity,f1,auc
MultiModal,0.9201388888888888,0.9060402684563759,0.9375,0.9027777777777778,0.9215017064846417,0.9632040895061729
FTIROnly,0.8159722222222222,0.9595959595959596,0.6597222222222222,0.9722222222222222,0.7818930041152263,0.9007523148148148
MZOnly,0.7604166666666666,0.8151260504201681,0.6736111111111112,0.8472222222222222,0.7376425855513308,0.8321277006172839
ConcatFusion,0.875,0.9285714285714286,0.8125,0.9375,0.8666666666666667,0.953221450617284
GateOnlyFusion,0.9027777777777778,0.9328358208955224,0.8680555555555556,0.9375,0.8992805755395683,0.9578510802469137
CoAttnOnlyFusion,0.8993055555555556,0.896551724137931,0.9027777777777778,0.8958333333333334,0.8996539792387543,0.9468074845679012
SelfAttnOnlyFusion,0.8854166666666666,0.944,0.8194444444444444,0.9513888888888888,0.8773234200743495,0.9568383487654322
