mz,cancer_abundance,normal_abundance,cancer_intensity,normal_intensity
732.5539721970595,1640.5329622107727,1376.5894605544318,1.4741973234114165,4.282904549294096
524.3709192946176,3471.531463340224,9121.500813587232,3.1195486523465292,28.379207055070886
496.339486277716,7945.842536980065,11263.469988116602,7.140203866723422,35.04339400761716
703.574927761737,28564.83227638201,5906.643414983714,25.668609077376253,18.37700394924059
806.5683303568694,148.12440326548594,134.4457440829686,0.13310588927858283,0.41829340225680706
794.604627544625,2393.787688914414,1036.0749148401953,2.1510786342612,3.2234809965720395
309.126302366061,12288.912941150582,12429.192248845953,11.042925063246951,38.670239422865585
760.5844666062014,104766.12118971632,32141.492875000444,94.1437563277884,100.0
275.2113469499735,0.0,0.0,0.0,0.0
780.552429074095,1897.7051521350477,844.02266378592,1.7052945112005085,2.6259597432775075
780.5524170541705,1897.657707027683,844.0015621169614,1.7052518766104716,2.625894090854203
353.1160576446245,9910.741963544135,12354.722513185585,8.905879742878858,38.4385459668398
400.34159335318896,1442.5119115408497,2203.1911274634926,1.2962538686920888,6.854663335121961
756.553000316212,177.91133878202956,454.0215425100169,0.1598726910574034,1.412571420611124
428.37297506257903,1156.9311229105367,640.1332782599164,1.0396284646836327,1.9916102862720795
804.552252592036,85.07367856576305,188.8131467954027,0.07644795448998601,0.587443612310432
282.2787743637975,2.081732322957861,22.10361842225316,0.0018706629426256077,0.06876973172408331
703.5749098757774,28563.456156168748,5906.381120355762,25.66737248367054,18.376187886872323
786.6000047963039,45412.5010786392,16587.979872890402,40.80807218242698,51.60923899024144
782.5689800261764,34842.7309299433,24943.593658900125,31.309983926228053,77.60558526608196
265.20292157335996,1075.914573068999,2889.334791620323,0.9668262816860578,8.989423120005851
766.5708323100165,259.59146904283057,1735.028392412151,0.23327117324583885,5.3980952258805965
758.5694722990105,111283.13260089509,19708.723930503384,100.0,61.318632607238875
482.36006205772446,270.77751531211834,1890.2870867672364,0.2433230526347893,5.881142777401904
522.3552553965515,1230.8314257481964,1358.9049850508354,1.1060359256442216,4.2278838457680585
515.16928518179,5874.9254908580815,64.49602302284194,5.279259626818618,0.2006628107588828
343.285296071922,1.962902248448411,4.202393421270088,0.001763881194365859,0.01307466780592104
365.2098260480305,2.9235257257882723,163.3633657702209,0.0026271058851957203,0.5082631550611155
243.0658540865665,1.5783398069822538,37.522084154106054,0.001418310008078941,0.11674032783738747
810.6000361940735,35683.97934484271,27471.16442125622,32.06593713785848,85.46947252292443
784.583373540147,2441.4434146574204,1758.7931795640102,2.193902487822115,5.472033257459532
446.2366240861145,0.6301420595105282,41.531589047199006,0.0005662511872041421,0.12921487252853195
768.5872260154695,1247.1417177821927,230.61523801829458,1.1206924972672467,0.7175000828840356
137.0455136104,134.1480107809614,162.78319050916105,0.12054658028190915,0.5064580887460063
276.143653459749,2973.2074365152785,1161.5878959015838,2.6717503066510226,3.6139824009390162
128.950632224499,64.82091804651805,71.10115656371624,0.05824864607198941,0.2212129873376806
991.6731646396779,405.1653429082858,873.632137851407,0.3640851344123889,2.718082017064352
496.3394762447235,7946.818266052913,11264.852996914218,7.141080665435001,35.04769688428501
830.5676905362445,12.780968451253777,37.87545286981635,0.011485090464779902,0.11783974383864343
426.3576682640065,163.05318053515396,190.58000961477273,0.14652101960494457,0.5929407521795769
627.535071974913,103.98800087366715,27.804829559964542,0.09344453058003754,0.08650758590491935
480.344479714375,224.03393414389552,701.3229819982347,0.2013188601972313,2.181986333757763
502.292596977834,162.76152832998673,263.41039658297626,0.14625893837273016,0.8195337957928397
790.571725169058,76.26129174984291,57.18853411433433,0.06852906632611232,0.17792743584357715
141.958526686184,115.4029438040809,66.56907308716012,0.10370209851834515,0.20711257360089003
546.353371756908,41.973704321281645,146.87150256899255,0.037717939224281,0.45695295840856465
438.2974943591645,1020.1777781342446,709.4070690449616,0.9167407083991802,2.207137894322066
507.27248321744855,162.06226274342407,0.0,0.1456305721772255,0.0
616.1771161674035,0.04445801027470253,0.03614891633516493,3.9950358365760944e-05,0.00011246806884717371
724.528332113303,99.38975790609564,159.32639995768562,0.0893125090776751,0.4957031727720687
703.5747437443855,28550.674243865276,5903.944831069511,25.65588654505187,18.368607998484045
520.339773228,309.68026100520353,305.33248420656287,0.27828140147333763,0.9499636043478539
96.96045678149476,703.2749705689916,1023.6858995628075,0.6319690631743907,3.184935757476988
456.40448850417545,131.0097930876529,24.576820795191864,0.11772655030974491,0.07646446570099312
808.5836760996335,511.9400667216808,1007.2695796255585,0.46003383869296566,3.133860594288107
282.2789223401785,2.079802026315509,22.084111555897277,0.0018689283611151512,0.06870904111947529
113.96348763563,106.2602628372482,111.55865685220988,0.09548640513054134,0.34708610855776356
256.263086183645,226.6971576846803,865.5711097738957,0.203712056253579,2.6930021985603982
97.96821542406445,280.7481985156333,218.06824355188934,0.2522827961021787,0.678463332117041
482.3245089881645,11.491584387623302,117.2352626998875,0.01032643862465359,0.3647474096981747
544.3398134653935,87.10692281657043,137.91259477969692,0.0782750456252611,0.4290796177888953
137.0454520411805,134.43212392030244,163.13190450367716,0.12080188684338057,0.5075430227777648
204.122641721564,477.6791586301861,871.2786419039119,0.4292466858776619,2.7107597188853347
768.5859315738516,1995.755600962042,561.6627206344847,1.7934035053808233,1.747469300255634
508.37581595601205,107.0141689280679,822.9014996968695,0.09616387176290465,2.5602466658819067
239.1056151073125,588.9303558033006,697.528052868835,0.5292179884218712,2.1701793864446484
531.7993251088105,236.11101441036104,276.350751311708,0.2121714305591555,0.8597943859871325
806.567710615798,148.03731366370516,134.36741341781357,0.13302762979779242,0.4180496965102829
510.3922085332985,27.475746738680762,446.9529682422155,0.024689947251233083,1.3905793672385833
734.5684755571631,21279.784800813908,25196.493096460683,19.122201454493158,78.39241691246531
241.883428287835,531.1263536315246,748.457460420946,0.47727480456211796,2.3286331575565797
478.329126727626,265.78771705482586,244.8387619729997,0.2388391761113023,0.7617529245613682
261.08747291780696,581.3860611036647,1020.4605945906251,0.5224386189672993,3.174901049429276
544.3398367487664,87.14294857614694,137.96715920474637,0.07830741868911589,0.4292493809833482
120.080662449553,29.017871075063113,37.639831979765404,0.026075713719465973,0.11710666995508959
204.12263392402951,477.68326471979714,871.2861281547995,0.429250375645837,2.7107830104322357
454.3887493625475,220.15150231867776,86.99841167529479,0.19783007287207421,0.27067321363582925
804.552010450546,84.98535570187514,188.61712238284875,0.0763685867890383,0.5868337326968237
446.2368426765395,0.6500519426162151,41.539109343739334,0.0005841423829679167,0.1292382699997371
732.5539239047635,1640.2370904463414,1376.341061351212,1.4739314504462002,4.282131718971043
766.572048337635,800.3043011920283,718.3247505127504,0.7191604715714044,2.2348829698307546
780.552543773747,1898.1578951869426,844.2240256235275,1.7057013500819396,2.626586228918329
804.552303638267,85.09229804857337,188.85447101225083,0.07646468612071489,0.5875721819976236
367.13164834470797,1127.0609995312127,44.623818280385336,1.012786909560944,0.13883554959294878
532.374428276912,0.0,0.0,0.0,0.0
372.3102436893695,80.02340202162239,206.48093675121416,0.07190973164694928,0.6424124030399795
812.613248480977,752.1033060211071,158.23837483359148,0.6758466341152025,0.49231806204206774
274.27354626800354,149.0871930539945,593.0806947813702,0.1339710606356487,1.8452182575584923
203.052195277139,171.25623669118517,280.950913399646,0.15389235788803424,0.8741066088382248
355.2821415630605,0.7459600265980167,11.408899876928547,0.0006703262292887832,0.03549586175507845
794.6044906761681,2529.1408208144926,1110.7205976016007,2.2727081469614827,3.4557218668132115
748.527559383389,34.857812156247604,81.42881302068763,0.03132353604859541,0.253344837893397
510.5821243747165,0.29880935326475905,26.97884091507012,0.00026851270833326237,0.08393773437964414
675.5440439779879,12.742681545664091,5.323161887807503,0.011450685515265228,0.016561651036277294
452.373356090165,59.24094093410505,39.57335825661143,0.053234429647632475,0.12312234036705703
506.360870992994,47.71707523315344,41.87279607880612,0.042878982751398245,0.13027645057325465
832.5838137574681,157.64698624360358,162.59379928985018,0.14166296594919503,0.5058688466095337
429.372822174517,122.05255391730327,0.0,0.10967749654840464,0.0
310.12798722336004,966.8024973613967,274.70357180314926,0.868777212471839,0.8546696100006382
336.064935081942,79.14982094696649,0.0,0.07112472402338704,0.0
599.5044211813215,20.637220894967413,23.017388469135245,0.018544787887110056,0.07161269253625148
443.334654946668,0.6101626823250917,1.4262243619798183,0.0005482975434501599,0.004437330797068021
335.105757799149,4.993336778263384,0.0,0.004487056269499031,0.0
524.299141383039,107.45224745948082,183.41773560441646,0.09655753297747888,0.5706571761235093
701.559653562693,46.43412622484666,68.9661795493639,0.04172611350848437,0.21457055469568928
454.292816103101,39.250940638055226,74.46224601571271,0.03527123987318409,0.23167015392004153
526.377332362889,72.48285125442023,252.03646019360198,0.0651337265229333,0.7841467139494172
262.12808317505596,1739.6912127984506,996.9103592949301,1.5633017979801707,3.101630540846234
459.2270265356605,0.0,55.110777606869526,0.0,0.17146303011250147
760.8831065026845,43.25973181695033,238.9268995138532,0.038873574822966814,0.7433596828966517
466.3293466640365,2.1110024819269952,28.040114199006837,0.001896965364461726,0.08723961362982101
330.336176878222,101.39337987112616,425.7165843324503,0.09111298136687304,1.324507812963384
531.387383197241,19.962813664740725,39.60564747022525,0.017938759628860556,0.12322279996219593
284.293390774184,8.917486174251025,43.6078577509006,0.008013331370022287,0.1356746493403194
510.3556397363945,0.056357889697411734,0.15154775039941004,5.064369449369583e-05,0.00047150190250585226
792.586725342431,228.1723982888267,140.07420924877846,0.2050377204127982,0.43580492602982907
510.9164077671815,0.025586989771716518,21.424221765007218,2.299269365779043e-05,0.06665596351833089
828.552788006414,0.8591252243461895,0.9297321477759379,0.0007720174695543027,0.0028926227894631516
619.6194559113881,30.156789303265395,115.4869915800536,0.027099155638814963,0.3593081131271256
522.3555939301646,592.483123573705,426.5106307552902,0.5324105367329851,1.3269782844686373
572.3359698381471,36.35158306454127,253.92486972438678,0.032665851701813874,0.7900220151936029
178.945939474981,174.4760999491753,201.4306876589739,0.15678575528145397,0.62669985007338
487.361017588331,19.401926803192072,48.15468406790483,0.01743474177059248,0.14982093163867757
498.3458479976785,210.2570875340374,313.8327588487642,0.18893886487550787,0.9764100257236724
160.0423742786655,20.468005728639593,0.09030805781226767,0.01839272965297075,0.0002809703275559705
816.587808922072,2.8515759303438672,4.202453567959768,0.0025624511673037957,0.013074854936898167
527.263524299816,0.0,6.812783407642518,0.0,0.021196225807362794
338.3415488987085,14.676449520825638,35.13170228804931,0.013188386395862107,0.10930326859638385
518.4938184762525,32.882460111781484,0.005916219948555845,0.029548467358221187,1.8406798873855244e-05
480.40477755182803,37.043464289570394,15.631284065329455,0.03328758224521121,0.04863272569858577
526.2931467127346,85.56770623234236,95.00361314463903,0.07689189208864355,0.29557934198673314
262.12803702852796,1741.8811809341853,998.164923241132,1.5652697225744479,3.10553379434812
399.3085929707745,0.9676015446525893,5.330175631565082,0.0008694952433831888,0.0165834724985997
828.5527581297961,0.8586266254421178,0.930029985559417,0.0007715694242014999,0.0028935494352310917
626.829549101505,25.61618861219511,149.957703779665,0.023018931992204783,0.46655488082914043
344.26180940272945,51.83530210199274,0.2718727589342472,0.046579657572989465,0.0008458622628126556
754.537207497915,82.8491409727605,75.26713721989202,0.07444896547789501,0.23417436617710613
619.9538498118865,24.10926324375038,96.19954692240253,0.021664795625600912,0.2993001827778394
480.3089092596315,912.6007850800961,1614.077474707105,0.8200710779350902,5.021787509946464
268.104073012225,96.7852961056484,39.77165538866403,0.08697211683711169,0.1237392909636699
137.04546094508402,134.39103657181627,163.08147482820377,0.12076496539129176,0.5073861237946669
357.0876599539055,219.86608159831783,0.007920804754492503,0.19757359130681892,2.464354964872612e-05
522.5976308573536,6.2288797879144795,8.906359799920352,0.005597326065805213,0.027709851046924118
464.313477621909,56.45784119928323,186.74267565233373,0.05073351179083282,0.5810018731195328
478.32909011370646,262.38091591766187,252.27851733728318,0.2357777946983777,0.7848998125830821
424.341821841596,21.540036773876665,26.947288494887147,0.0193560661624504,0.08383956712803052
459.4778092320025,0.0,41.44476651514225,0.0,0.12894474651915705
482.420551980732,52.410029457493636,16.97041185239252,0.047096112620639945,0.05279907787230398
484.436171284105,7.793509545096251,1.8331234702303512,0.0070033161027618,0.005703292866200839
575.504703235798,2.566180750801093,3.0317825863292875,0.0023059925532510146,0.009432612847573732
457.350199390531,0.0,1.279806493623096,0.0,0.0039817892050015066
756.552891113997,177.77000663082333,452.51428341483023,0.15974568874545994,1.4078819710542894
283.06952374697903,179.78784945135098,362.1751380781894,0.16155894002026402,1.1268149226506157
565.6019194741115,24.920020772163696,131.97515437189548,0.02239334945893072,0.41060679690626745
364.059315263725,115.33970161313889,0.012649517642597257,0.1036452685303102,3.9355725298111506e-05
517.261516136954,1.6364525374678962,24.50620622934756,0.0014705306179121109,0.07624476661570506
280.26313881458145,5.240468043010933,177.12858657595797,0.0047091305937668965,0.551090104199012
112.955650930529,102.30352927767939,154.02820410745275,0.09193084961454125,0.479219197149537
701.559778793931,46.46855553061168,69.0174093416924,0.04175705198492761,0.21472994303688345
188.07020777183197,217.8808500957238,125.2971839736318,0.19578964484863118,0.3898300071528027
548.3714310676364,28.71424692140702,34.94859964200651,0.02580287438922802,0.10873359174050508
176.0702655165345,341.468422466353,0.0,0.3068465224563659,0.0
476.306504806813,47.875106912896996,79.10565328661723,0.043020991406304034,0.24611692305103028
520.340058530599,61.62328903731794,92.55004948440268,0.05537522856974488,0.2879457088204756
130.9665228709875,24.92391500108559,31.40022094973511,0.022396848847230526,0.09769372278957866
646.321951593423,0.001884863005698456,22.927219984985353,1.6937544456609729e-06,0.0713321564562985
788.549158011039,19.642026906913447,13.921573952834784,0.01765049783182996,0.043313401798032045
520.8023674506956,121.29782732139931,201.97112624799095,0.10899929260296873,0.6283812859392213
502.2927537139235,135.28774828047315,220.08788066733968,0.12157075840564986,0.6847469142869943
501.376531734329,0.0,1.980303664265898,0.0,0.00616120623882462
740.5220640676421,6.8211622419706,14.842416879433692,0.006129556279147857,0.046178368058871586
545.4031293334335,0.0,1.37734716837357,0.0,0.0042852619625669795
398.326173727296,44.409425589623474,69.17435340903616,0.03990669974118457,0.21521823419359518
550.6293233254976,5.3250273921785585,5.857788294478027,0.0047851163673440006,0.018225003789522784
310.11340005996,63.72011115758763,114.53031345451674,0.057259451336720474,0.3563316548485465
724.528069264526,99.03277563083665,158.7541407836623,0.08899172167089059,0.49392273532864056
599.8372742723391,2.4896383679434226,118.36927899526123,0.002237210895987482,0.3682756101454407
589.4295305824146,7.7908499751776,19.721160018312837,0.007000926189882379,0.06135732430042755
520.3330475790225,34.904532918357894,48.636087894150364,0.031365519735627165,0.15131869600238565
830.5670633858705,9.600346979238774,39.58482858927157,0.008626956084772864,0.12315802736113893
507.329394292354,6.725300586761651,42.242003813684775,0.006043414154129911,0.1314251456146285
530.293038853587,37.333794614219755,35.489063556737875,0.033548475623986405,0.11041510640080181
423.257433574773,7.277992023413851,129.53119859456143,0.0065400675316317535,0.4030030562000137
508.37672328767053,4.620543636667159,43.95977638797454,0.004152061079407459,0.1367695537943302
644.3777952748266,45.49569079085278,179.6759653379532,0.040882827188212026,0.5590156189593316
437.2344206114385,3.216730529425816,6.0393209284048215,0.0028905822960270827,0.01878979595593765
841.9102567635715,0.7154085605615375,50.69418097094726,0.0006428724136723153,0.1577219240192077
232.15390468551402,156.8998238014659,132.6766385630766,0.14099155921874534,0.41278928480099353
565.9362084959765,19.30187734565853,103.40210823710119,0.01734483644963754,0.32170910243415307
646.572559111715,0.0,21.69147151055745,0.0,0.06748744246235373
223.9437044250155,72.85380675919609,83.8479670600579,0.06546707039644398,0.26087141436194644
246.86192156628,224.32414991087805,279.1312140001563,0.2015796506334813,0.8684450815203538
361.273658945193,11.4038582255456,13.289114908121917,0.010247607125191472,0.041345667918425005
564.3594986267055,25.855773811747536,32.031634143967466,0.023234225356035285,0.09965820277402725
494.774229427534,36.569713189027276,15.93612459079697,0.03286186534681819,0.049581158699669614
302.30499474188355,3.047736688759672,88.43740359105546,0.002738722947070559,0.2751502673973237
750.5425092005975,23.687921069726627,22.291330123194037,0.02128617384871865,0.06935374847050793
444.368197186358,18.71009774715574,64.8242916582154,0.016813058106710098,0.20168413430676566
466.3295720102695,18.755618138697887,189.63623581405025,0.016853963130210294,0.5900044423933672
288.2166628011165,4.605290047490293,31.840070385383015,0.004138354070249503,0.09906220133959032
341.266630017914,9.889203545925458,37.23077318683891,0.008886525131703488,0.11583398858177149
454.7496117437395,0.0,16.713392813089715,0.0,0.05199942914316012
266.283991092874,1.474904138789202,4.793396735458105,0.0013253618084950807,0.014913422827308667
318.3000910765195,0.0,0.4416653662819967,0.0,0.0013741283517839419
620.288631286749,14.90026768982628,56.741741311797036,0.013389511367607233,0.17653735479079313
294.154769268014,15.989034836825624,23.543446451019094,0.014367887085070266,0.07324938683645
258.88611132386154,67.82955969416983,134.2612402212122,0.06095223787187337,0.41771936587811764
365.1052085909395,27.128962887374534,59.31714923382898,0.024378324237752748,0.18455007508368
854.5693084251135,0.0,0.0,0.0,0.0
472.768864040257,0.0,60.20730136626599,0.0,0.18731955482097423
720.561837392413,342.6797154919023,229.3411826360306,0.30793500100404797,0.7135361867849377
546.3536842964875,40.47729625286465,138.45400650042316,0.03637325379582195,0.4307640813041147
413.32424232258154,0.0,0.7651568544154873,0.0,0.002380589032971222
331.2046854917865,93.74516392124121,450.65980100782815,0.08424022736441839,1.4021122253420593
536.2802444862054,0.0,18.077248626395328,0.0,0.056242716219493824
299.0433752443575,152.43937074087273,187.35506610496031,0.13698335693656294,0.5829071687291928
72.93658656613314,195.369401733725,259.8506111966639,0.17556065970428442,0.8084584378430503
673.6373174856606,9.403334246774069,29.789906361934417,0.008449918713645588,0.09268364253579807
393.2069543913745,11.387843061224164,28.417782534089948,0.01023321575792212,0.08841463165574742
256.9602596079565,92.7341227457677,86.38424050580318,0.08333169688738779,0.2687623777829952
430.913603689006,91.63579198432602,214.6069143302615,0.08234472722202014,0.6676942952366164
771.9662556428646,16.94198430973343,46.42148795247382,0.015224215848141178,0.14442853707202977
778.5368322370035,5.1262523134818245,6.656889117831352,0.0046064953364195575,0.02071120076382345
633.456054060328,9.080533006950851,20.916745718324908,0.008159846685406674,0.06507708213700891
778.5370731672044,5.126961780272965,6.6608890272881105,0.004607132869507061,0.02072364545477889
373.7230578860635,3.1702751056408287,23.900272678395805,0.0028488370443440674,0.07435955999724382
526.293261614584,42.5282607431876,27.886278560383772,0.03821626849390609,0.08676099355071847
292.102444884371,107.97558571428794,79.25307641213861,0.09702780932805935,0.2465755922425788
499.7402974063415,0.0001275793992168878,4.5501125795018815,1.1464396825926665e-07,0.014156506660090282
223.9440986558545,47.91242979674632,44.47961871868762,0.04305453007741889,0.13838690969231157
416.336853069709,17.474551232210466,82.47925938459731,0.015702785160515792,0.2566130319626486
160.0424566522085,20.399963623892265,0.2140081807796045,0.018331586420248007,0.0006658314895698558
601.828643775023,13.010891963667943,56.517390805121536,0.011691701751720181,0.175839345810476
707.4949011431015,13.769698018937458,7.35932322058012,0.012373571535158874,0.0228966440644211
748.5274610384905,34.8381590046969,81.3829027152526,0.031305875554060995,0.25320199976943814
152.0566858046535,5.253229807749051,6.178839285784264,0.004720598427606447,0.019223871491638605
511.25053533684,0.005859734548244792,8.583027005587361,5.265608912412715e-06,0.026703884100738873
496.55087281845,57.642364211807404,97.5589696621977,0.051797934569774835,0.3035296774845165
828.5524264123806,0.8530907264142303,0.9333368518251962,0.0007665948167308948,0.002903837900295984
550.3869953531375,12.079997513957254,31.89472785048793,0.010855191826133129,0.09923225400427978
530.347717819463,65.40367792886832,471.0705419529113,0.0587723192187908,1.465615003587181
369.3514061630765,525.3008470044971,79.32788048815316,0.4720399531602258,0.24680832591274607
462.342866258995,0.0018676047442380123,149.7202498446402,1.67824602038835e-06,0.4658161038969417
277.06141339807596,143.44833243813443,120.92767438950136,0.1289039309781082,0.3762354003275266
673.971637559869,8.80961354899067,25.347159276393192,0.007916396081862107,0.07886117603488212
254.247431025761,0.7056353614612699,65.22312927561696,0.0006340901311539771,0.20292501511759994
627.5348744247535,103.95470102527818,27.79675220239541,0.09341460704390886,0.08648245528139621
260.18525106330503,26.25163526625466,73.71443588667285,0.02358994993464401,0.22934353476781943
303.8840152483425,57.628077868907695,62.27202645736283,0.05178509673661377,0.19374341664695302
431.31579144273303,1.8103818187812952,10.683019941047844,0.0016268249971664924,0.0332374727664161
442.92438180682,2.6612628383130463,55.98358229709342,0.0023914341518919834,0.17417853773879086
358.36762016818705,46.8992844828601,192.67945906886592,0.04214410880313669,0.5994726499425651
686.8352508111865,0.016505475474717812,4.067579560009838,1.4831965176531213e-05,0.012655229101612729
369.29784025964204,0.026596311962720165,0.49733652683450275,2.3899679440284053e-05,0.0015473348695054844
704.525262796114,10.602553269095235,54.498360883759645,0.009527547456019364,0.16955765276897983
524.5882404859126,0.0011653613143822739,29.202151072121147,1.0472039087556208e-06,0.09085499290804408
792.586684520621,224.53413863194672,139.0715945345901,0.20176834834189483,0.4326855478538135
437.23115812165247,0.08260809223426102,6.8099108805376884,7.423235696511708e-05,0.021187288677043427
497.1589931760565,199.35490921429806,1.3841710378627843,0.1791420717183285,0.0043064926798698526
846.9477269522355,0.006421965192867418,1.0820870700283578,5.770834305949223e-06,0.0033666359998791523
446.88745695660145,59.849406358932974,63.842029794262054,0.05378120202059408,0.1986280787969192
706.5384441864894,346.1936547347851,190.1708152001945,0.31109265765942373,0.5916676488543219
504.28465498677497,1.088931822674124,22.002328728945173,0.00097852369647021,0.06845459485815768
406.3292162170675,0.000593367329668526,0.0,5.332050920929533e-07,0.0
414.3578308787525,15.27587379810716,4.380691920366225,0.013727034314258953,0.01362939779245137
754.5371320653575,82.8347150475285,75.25370127044482,0.07443600221482463,0.23413256367123175
463.3030850525515,5.529338785200089,17.73767310815068,0.004968712378928498,0.05518621420956769
496.942239788406,0.11214156377216566,23.28549542344518,0.0001007713937873669,0.07244683846516839
687.0862873510615,0.0,3.0341711129700677,0.0,0.009440044134757776
716.3493304247816,0.0010310220680657886,3.8286352724948447,9.264854825424781e-07,0.011911815320416389
499.991271807438,0.0,1.9840813326849778,0.0,0.006172959483870739
162.112137421883,76.36303747086268,107.87615734138701,0.06862049592432885,0.33562895712691915
402.3481917500065,16.672292090564316,30.539974407333805,0.014981868052149185,0.09501728661485948
430.379765900199,14.820856202886096,10.003038259317822,0.013318151508224966,0.03112188440723659
301.958007769696,47.768171653481225,55.08494077955644,0.04292489844332169,0.17138264546013462
276.6327861089495,27.965388560820582,34.98931923237478,0.02512994369157042,0.10886028028769433
575.5047246294534,2.4764092813430927,2.92572319134435,0.00222532312261955,0.009102636279909601
527.1589052952099,13.288155976241514,18.588480327180804,0.01194085362774433,0.05783328235397201
716.6832987193429,1.9332281578089274,10.639027335235387,0.0017372157959843213,0.03310060107229926
766.573044774757,799.8417762380624,717.9098509368943,0.7187448425868891,2.2335921163614723
226.9510802155545,85.77194261896764,187.0251785941336,0.07707542069882184,0.5818808084661221
564.3183215592985,13.03398357224443,88.68985772607036,0.011712452073926963,0.27593571359920577
837.622058590131,456.1744836267256,4.2919930429613835,0.4099223961125771,0.013353434016438244
242.924970604057,58.222520511187675,66.7373657634354,0.05231926811406041,0.20763617303956508
262.857570766824,37.45731026548112,42.626143766716226,0.0336594678726539,0.1326202984176591
326.123700652068,16.513705992821453,0.7486360646133631,0.014839361192361535,0.0023291888386293654
302.30502935137497,3.047580125514174,88.43227357775052,0.002738582257963559,0.27513430667849553
309.12900757838145,40.23396763738988,94.65654866219366,0.03615459656557715,0.2944995399881293
702.8644405838895,47.0246173551025,125.39870237168319,0.0422567340225326,0.39014585557479786
362.926014239699,62.03014198517503,142.05874034638572,0.055740830200781126,0.4419792848417399
662.3317270152555,1.8190442003935186,17.150488243019257,0.0016346090893373068,0.05335933931170588
868.240736358033,47.81450408132836,0.00346463062307123,0.04296653316977507,1.077930834309818e-05
139.9881100278215,7.792000336968005,9.457657266631934,0.007001959915087196,0.029425071521765163
554.2879281646744,0.27528920648964916,2.5761814164558694,0.0002473772979387129,0.008015126822125974
408.78789381066747,97.39152418590244,111.93692434584881,0.08751687871259574,0.3482629907116511
774.89054762995,0.0,7.399202322908885,0.0,0.023020717648942694
847.1143557579735,0.0,0.007672004223044704,0.0,2.386947069596747e-05
391.2261624001575,4.806521265626148,13.250479317379336,0.004319182209638379,0.04122546320082574
802.5352513941709,70.3847263198275,4.8020133570130294,0.06324833303556857,0.014940231232221391
617.3072679698334,0.0011545679725561975,1.4406816909272169,1.0375049170272107e-06,0.004482311062930667
497.27797114980797,0.632190765904093,22.280932639690203,0.0005680921727566537,0.06932139937102998
512.4690257335894,8.430896714022925,14.016369112436607,0.0075760778088979795,0.0436083325903586
816.5866777479825,2.8527988514169533,4.221921805241621,0.0025635500949170867,0.01313542535706367
447.058108820809,22.964127919181983,0.0013918835294006726,0.020635766968872402,4.330488116447371e-06
443.2598758091155,1.6577815122418544,41.58829074502635,0.0014896970219083502,0.1293912852983055
468.308546294939,9.602451190623142,13.05732200565528,0.008628846947597435,0.040624503835076146
566.2706193096875,10.196328244059448,49.525737918836114,0.009162510081943393,0.154086613560371
503.78466641073953,8.354312403331665,18.194155468569967,0.007507258474915065,0.05660644183307778
328.138779379565,188.78240801174655,44.900088451386154,0.1696415293131568,0.13969509327399446
329.2479561898955,0.21721337239131006,5.084093430930551,0.00019518984352311712,0.015817850934002335
708.5125977943969,1.7626215623422687,1.3637211410475476,0.0015839072114043735,0.00424286807819137
677.4817607290361,2.9488530108278264,6.710786586978548,0.0026498652059010314,0.02087888889628452
263.10432436075746,13.254102416749035,11.373394707991796,0.011910252800200583,0.03538539654092417
750.541645045862,201.92643778430642,191.4158176294153,0.181452869868872,0.5955411541518594
680.864208071866,0.0,32.74174680431382,0.0,0.10186753593446263
552.3312386603815,0.2838428292203221,10.760480348930262,0.0002550636584236838,0.033478470930949605
786.8258597313845,54.608369853286604,44.22594065265139,0.049071560601311986,0.13759765554340567
410.7596667619835,6.666142364794661,20.543487560421248,0.005990254056472385,0.06391578524468572
378.9000583289695,41.44765298542986,43.928258109555934,0.03724522487525345,0.1366714927660476
868.4066414647715,0.23966357838665298,0.0,0.00021536379573909058,0.0
718.838624433066,31.875750363884276,34.67437985123141,0.028643829140039764,0.10788042729092101
854.813697304204,36.09172518036757,42.70807373656071,0.03243234112559235,0.13287520247629483
442.3524709976215,13.145486829345774,53.08406981486515,0.01181264987973572,0.16515744934845195
494.3248881853525,33.47611993370964,31.788115262141815,0.030081935286426668,0.09890055631755212
530.322705629729,52.74358716121957,29.955645222695043,0.047395850501781564,0.09319929643341009
235.179261340604,1163.071708398084,376.319701985764,1.0451464487159206,1.1708221004210553
817.9356542738869,8.316133336969216,43.99730036951982,0.007472950430676793,0.1368863000254129
838.839647116223,36.39995472102747,113.3954032925759,0.03270931889702635,0.35280067336503373
568.3402814281505,57.292072044287444,18.286117717172747,0.05148315895254249,0.0568925587504233
770.8520797579674,37.78559475289374,109.84638375570006,0.033954467195318534,0.3417588105907123
662.665789813381,1.2276303242143154,14.928185216847467,0.0011031593877008107,0.0464452142123696
376.31831245939645,0.0,1.1747939052183365,0.0,0.0036550695071543727
417.24531592216397,130.56958037618105,6.885915927326034,0.11733097130223204,0.02142375885932131
123.0549208148945,165.0225070086799,129.99628687354001,0.14829067366436857,0.4044500589288146
144.98746041206198,14.119233107714596,15.52259593239142,0.012687666834785912,0.048294570487934146
506.3609218957265,47.781474768770124,41.91791017865319,0.04293685273951913,0.13041681150802056
617.3072584290975,0.0011797400437911776,1.4406882981260762,1.0601247612449837e-06,0.004482331619532954
650.4407719529345,580.4786462329739,95.45227594866928,0.5216232079975658,0.29697524106887946
991.555750590912,0.0,4.779154807379068,0.0,0.01486911272592531
703.575066372408,28575.496783678784,5908.676117466208,25.67819229726549,18.383328180944446
344.27941359673355,4.337694483452527,16.6092504597291,0.003897890346966776,0.05167541695814548
617.361977259997,23.66896171075717,14.181576135340629,0.02126913680228911,0.0441223318110747
307.08259898833,21.03388600125632,0.0,0.018901234634265802,0.0
616.3464025761141,36.285674695112206,54.14637404514042,0.0326066258623819,0.16846253612337747
453.7852021787125,34.1179633074978,40.78514532586368,0.030658701377376016,0.12689250460294033
752.5225212967714,0.21030086897392652,0.09850520972083476,0.00018897820726178498,0.00030647366039880436
408.293113304359,6.854421253136043,3.304566755830397,0.006159443118588945,0.010281310730282473
815.4039425517144,0.009777577670273985,3.2756362578314384,8.786217139789019e-06,0.010191300916141385
244.1796989975185,33.48404618025204,116.58749324177333,0.030089057881160612,0.3627320413995292
499.186838302154,26.10504928635534,64.57776875756188,0.023458226486109332,0.20091714161724664
508.4364119572175,4.817452135989149,1.99494191180451,0.004329004785717544,0.006206749386417486
663.88506993602,0.0,38.28443420391139,0.0,0.11911218421870164
561.3972139342225,3.450678160831079,13.189101722167171,0.0031008096916237643,0.041034502577276415
459.2525827828465,0.0,7.527619064654935,0.0,0.02342025335889079
765.3707905359961,0.306676675893236,0.03431321648786678,0.00027558235352081496,0.00010675676024543184
152.056481707113,23.869080354645295,28.07476862962877,0.021448965172690786,0.08734743199020864
603.2941102152915,10.012201436988107,0.0001461904866566499,0.008997052116510581,4.548341523064612e-07
483.2706168725365,350.23847243034004,944.9135152191786,0.314727366353383,2.9398557151467273
282.27889817560697,2.0801172441290805,22.087297030931232,0.0018692116186099794,0.06871895190689996
429.3190242774415,2.159920451617068,9.238502752061228,0.0019409234815157377,0.028743228536366176
341.304788975605,28.366935377830064,83.65613986732386,0.025490777186840174,0.26027459331981234
462.2561701370605,0.32887308117941305,48.324484630788476,0.00029552823819120974,0.15034922247925553
370.29519489751704,2.91097379012599e-05,0.4199684743003015,2.6158266056059748e-08,0.0013066240449178131
620.1130659031539,0.019603730362270255,7.890238581080354,1.7616084220577176e-05,0.024548450850636616
728.5214953839491,16.61823563526748,5.1999000917390745,0.014933292446814007,0.016178153615831397
165.0548512528335,1.2559708457184848,0.000710343285456092,0.0011286264291488705,2.2100506912315663e-06
544.046995709391,1.3315765219521518,16.14189081460392,0.001196566353615967,0.05022134745694725
356.2045907274615,0.005257958674634491,7.814265030643589,4.724847828908259e-06,0.024312078661167292
144.982074560888,475.1477292013573,275.2124623380766,0.4269719211674452,0.8562528921988437
136.07565596715352,12.341434998386436,6.9245352704835,0.01109012184501281,0.021543913026732444
674.3061287672774,4.186518671705249,13.412015861781224,0.0037620424352356662,0.04172804267039211
464.31417526651353,226.953428442357,525.5492115119034,0.20394234340643602,1.6351113918565803
568.340207692472,56.806261440058336,18.158637815566514,0.051046605278257086,0.05649593777795633
309.581212643707,0.002425860158331732,0.0015983749675400752,2.179899236869811e-06,4.972933191859568e-06
263.121112352404,128.88866009595884,106.42420196791721,0.11582048158026255,0.3311115708962406
305.24728417196854,69.02172254806132,85.2004064724709,0.06202352587934441,0.2650791822390413
413.3240815438265,0.0,1.1468574855100202,0.0,0.003568152512299895
510.452088902053,9.995886555874549,5.721534408313748,0.00898239142110037,0.017801084817575294
258.13355659290346,101.70725268602277,28.630976625144296,0.09139503023408303,0.0890779303142244
284.29486888613656,1.2232692334428739,5.6469334813188725,0.0010992404732440419,0.017568983193406804
620.3135391722026,0.0,7.452338367167818,0.0,0.023186036803424973
802.5352701583615,70.38683319939985,4.802367288235624,0.06325022629605029,0.014941332398318345
517.3709658297939,1.6878081586645628,4.3506435981729155,0.0015166792300120668,0.013535910155426642
252.2684043688445,0.0017904170475572362,37.7325160412074,1.6088844784576413e-06,0.11739503260769706
652.523669925381,0.01073279584824327,7.124266494482663,9.644584581146974e-06,0.022165325432111138
572.3704190821829,11.350240989441815,5.740999857486708,0.01019942620607943,0.017861646563256058
419.2766918273835,6.078659764103249,12.054795956292953,0.005462337033505073,0.0375054015168945
551.787042602909,0.0,0.0,0.0,0.0
740.5219576923246,6.816184934292304,14.823788139190075,0.00612508362676832,0.046120409518127806
126.1273796450835,0.0,0.15006896058003466,0.0,0.00046690102778878026
440.310319698049,28.027413109179804,41.67000360525062,0.02518567949528981,0.12964551387611936
503.5337270348705,12.299295428275377,25.46181162418087,0.011052254857333563,0.07921788736821553
752.5570720598505,50.93188300182851,51.63847886316202,0.04576783723773323,0.16065986438149013
399.7684370634465,24.86165577292635,3.6911173455469424,0.0223409021581824,0.011483963610221361
470.760319059651,0.0031191044062603124,0.0,2.8028546046116827e-06,0.0
652.7245726258665,0.0,6.45426288479873,0.0,0.020080781281378614
566.889358985278,30.17753372937827,68.64268533794903,0.02711779676225213,0.2135640855417114
775.141060293674,0.0,3.4766038307059564,0.0,0.010816559903507309
300.28986325641597,0.3333379452090586,10.026131284040286,0.00029954040420891015,0.031193732422548987
289.226919692461,0.0,1991.655214885433,0.0,6.196523673094651
524.3662741324565,3048.348143899412,8015.217635526434,2.73927240602759,24.93729107947144
546.3560739698145,25.84917072432688,58.246069526060964,0.023228291763705226,0.1812176856643911
391.5607109183075,1.4187578500122675,3.959802758296932,0.0012749082604463417,0.012319909264005766
155.974378068735,10.080508547374036,7.729249398633747,0.009058433485626873,0.024047574357212054
246.1698902509795,19.03556231373343,8.519460034092813,0.017105523423754085,0.02650611179519674
652.806182616638,12.64342344075473,74.84279179130188,0.011361491310726309,0.23285412436307332
634.876674257603,33.734815049642776,78.40819797283058,0.03031440098889833,0.24394696997355786
523.252289711105,0.011326900586828614,49.269410401571015,1.0178452315366891e-05,0.15328911632443998
499.74136550969797,0.003208451280525751,4.524983460595861,2.883142490275246e-06,0.014078323860667279
405.20905660235303,16.583135216035423,6.800685243860383,0.014901750901917045,0.021158585477994193
473.345420040598,1.4793540018168045,6.68368024813858,0.0013293604944806395,0.020794554484857567
303.2317028984245,0.1845986053635919,15.045872881987833,0.00016588192752052983,0.046811369156068254
611.968131546528,0.0006729746495986607,6.639260335371374,6.047409287193698e-07,0.020656353334898677
658.3582203160195,0.0,3.780611392009697,0.0,0.011762401350530438
506.361064526846,10.68350009555968,42.3889637467705,0.009600286984978125,0.13188237370187775
721.508383877219,0.45307847924732414,2.4343366917665037,0.0004071402993949147,0.007573813392034206
398.23297225698354,7.6203596038807495,9.335488444889217,0.006847722045361847,0.029044974610218967
828.5523304041725,0.8514884839005505,0.9342939505170968,0.0007651550275407162,0.0029068156670587876
612.302771410378,0.2120164577557233,10.686797170092099,0.00019051985040365225,0.0332492246444603
385.292266248117,0.9002193349236407,15.081014686094825,0.0008089449981177111,0.046920703853879774
652.4124374301016,8.369264904233495,12.273037035503856,0.007520694923505575,0.0381844025827742
275.36895368846,0.002817921115199739,0.0,2.5322086549323774e-06,0.0
152.0566984176425,4.10279204397278,4.825696493480553,0.0036868049524513293,0.015013915228666823
184.0730567611075,47.11640137570437,26.112705183331148,0.042339211949291765,0.08124297550485444
764.525293591833,60.540167413397626,48.39529385109847,0.054401925968887294,0.15056952718191938
504.345100130938,55.34844793462351,45.28988286110348,0.04973660126294676,0.1409078384667372
815.6548545754765,0.0,1.2388236253458054,0.0,0.0038542815362175
484.3669897982345,0.5704356775764631,22.54759915344324,0.0005125985081874618,0.07015106373911056
708.512928779445,1.7665636121825723,1.3667710621543459,0.0015874495720013216,0.004252357124386765
136.06184645140098,25.76102971848403,11.260847422394903,0.023149087481993496,0.035035234567942414
736.0452005402765,0.0003499995343325679,0.00014641472620358087,3.1451265448089366e-07,4.555318160640317e-07
600.3517999893705,87.37112071692601,38.235868369819755,0.07851245617812816,0.1189610840993621
385.292269638432,0.8996468289496677,15.082086100030264,0.000808430539223005,0.04692403728316261
736.212930027931,0.0,0.6250380166021005,0.0,0.0019446452566248195
258.10995679165296,45.286388603687975,34.883800703001256,0.040694746405192155,0.10853198648446655
922.80119367691,24.397363971558843,30.60264051750963,0.02192368546907944,0.09521225612178166
309.2933628992095,141.35057558242488,110.76076173664127,0.12701886824965958,0.3446036628335663
487.3049818706645,0.0029120834866465106,13.882755814188236,2.6168237886422403e-06,0.0431926291295144
650.851000878903,23.000929851687037,24.538072182773153,0.020668837508535442,0.07634390934547658
386.21558185224103,0.29056495541621946,5.6261679250684855,0.00026110422004231245,0.01750437649846844
733.8311723219725,3.98981356990738,29.41795985179903,0.0035852815037265484,0.09152642649862797
264.268503210436,0.0,19.13996987334243,0.0,0.05954910043468902
246.9311142845745,109.79024717859996,111.1541828962598,0.09865848005227423,0.34582769172714806
474.93909180246,0.00015293764568978226,0.0024748531630021465,1.3743111118041274e-07,7.699869986210504e-06
828.552483823796,0.8540488425221382,0.9327645216905642,0.0007674557882775388,0.0029020572420768473
593.3265887936079,0.0,18.73094999651805,0.0,0.05827654013882761
483.518888795995,0.0,14.683783483466737,0.0,0.04568482099002856
790.5720413516615,72.09367894006546,60.02841203159679,0.06478401286439486,0.18676298660130597
499.9920140106045,0.0,1.9785850293287734,0.0,0.006155859147624443
400.531631969521,0.0,0.04366594679814081,0.0,0.00013585537849147028
802.5352470625351,70.38423995538406,4.801931653452776,0.0632478959842095,0.014939977032578046
628.3796891230065,5.773802724599279,10.342100817392732,0.005188389821219715,0.032176790473341044
619.9123631386235,0.0016666284965387579,3.7884081597757406,1.4976469996723946e-06,0.011786658990946724
499.265854186607,3.1547787609869644,2.716748871939296,0.0028349118929831326,0.008452466357131703
642.3618710116,44.39278451410608,130.3091159283412,0.039891745924619144,0.4054233461871812
791.3821419299935,42.063652548711026,5.177840927970348,0.03779876749117745,0.016109522193344224
218.13857030484348,16.012352639798166,29.836997904817288,0.01438884066754729,0.09283015577669206
292.074955513431,13.125508315863677,0.040422144335161135,0.01179469701211314,0.0001257631202519574
582.8634788587999,21.368684984383,22.319147400571556,0.01920208793997512,0.06944029478460013
452.730139924808,0.587648432613804,8.45193964769887,0.0005280660409887467,0.02629603945457295
748.5275107431495,34.84809193676637,81.40610631921395,0.03131480137402789,0.25327419182365163
730.5389035348045,71.26430362235384,190.67017846459686,0.06403872892214092,0.5932212893972313
482.3247577231975,13.312670361676572,129.6923205161036,0.011962882469727936,0.40350434567704196
184.073031197531,47.11771702596403,26.113421526661142,0.04234039420416626,0.08124520422314323
424.342054286529,0.002052326548731787,11.363937238244986,1.8442386557289271e-06,0.03535597205282217
442.75503575667153,0.005518695653294279,0.11594214257587623,4.959148367153253e-06,0.0003607241985516351
68.99290884522335,3.108108415862817,5.815842716938508,0.00279297351109778,0.018094500898127395
405.2090686128265,16.582930360249094,6.800654456462762,0.014901566816708853,0.021158489690913797
652.3232061323545,0.00120668985920247,3.6085235020967756,1.084342101987848e-06,0.011226994079367964
294.1547509686355,26.399920131369697,27.043853108676245,0.02372320001634943,0.08414000312260192
434.2312468192045,12.57317036967116,0.0,0.01129836128424195,0.0
820.905085375886,10.462486472931182,9.444666745773693,0.009401682203226394,0.02938465485254335
429.3190374340045,2.189410803736862,9.23623111699702,0.001967423770850293,0.028736160927300712
530.2892670544591,195.76784819462333,164.2914513583997,0.17591870719233213,0.5111506550032874
113.963756860482,32.38178502244315,15.585627201950526,0.029098556327109264,0.04849067609449149
568.331622335822,0.24127986026463083,3.3156141693597148,0.00021681620082529034,0.010315681920109534
248.14930481005348,5.069342572505573,2.600813092566023,0.004555355743521547,0.00809176195605067
398.326642002527,6.804857661418218,26.641820908927556,0.006114904839912356,0.08288918318927707
744.911499540539,0.0626796502788558,7.0926059749564985,5.6324484056042514e-05,0.022066821857154948
852.5523303214841,0.6463344163338755,0.5058968833773021,0.0005808017812114294,0.0015739682202838413
379.222378975775,0.10914039299197129,8.993618894880106,9.807451537457297e-05,0.027981335309646787
691.1874714431444,22.350704572830573,0.030361540704831214,0.02008453936410018,9.4462135977655e-05
579.0429356148179,7.666999585492403,16.36110377476756,0.006889633142328287,0.050903372280797755
498.901494242821,25.940196507667025,60.8172530382609,0.023310088331803827,0.1892172627910646
870.7881770458625,13.067639014834821,6.389826282590224,0.011742695150127104,0.019880303343222158
823.792347813252,25.19978365730019,0.0008384264645998618,0.02264474684377954,2.6085486068134295e-06
645.34468501675,0.004708601398073086,6.543740842217311,4.231190556937299e-06,0.020359168964758985
906.8275074402445,20.357648267327914,59.649745706550206,0.01829356146931846,0.18558486358592757
802.80040022004,12.814709994350117,4.626403276624106,0.011515410911650635,0.014393865570016843
908.9471632692895,146.82776628927192,7.592639616591755,0.13194071990752976,0.023622548106647802
288.0745038261525,30.61875048911526,20.376365644604434,0.027514278016351406,0.0633958283264842
608.3859205094765,11.235030834185581,18.127028722009783,0.010095897349042827,0.056397594201695996
707.8574589804346,6.227813126937707,20.57890257157667,0.005596367554886404,0.06402596995605914
778.536482421344,5.12522221184849,6.651081498199188,0.004605569678047746,0.020693131846941618
620.5142925497555,0.0,3.9047665171413843,0.0,0.012148678134917934
269.64332815041996,1.064005579197075,13.379043160562484,0.0009561247552340354,0.04162545657911448
367.150108661325,6.390658102476781,1.1550324426276792,0.005742701479653871,0.003593586791751232
689.5609424545015,111.5630540770496,176.72184455736178,0.10025153989613,0.5498246308739925
909.114614968615,141.36161111508773,6.783375324874588,0.12702878487620028,0.021104730110873837
748.620306792246,5.6735269359564775,9.121374207560795,0.005098281117142854,0.028378813152936562
572.336820214115,8.145297031114188,2.718647221519143,0.007319435426325043,0.008458372584285587
258.8992062442795,14.154505971772329,7.763392758494978,0.01271936334011726,0.024153802652188944
525.56280940786,9.12391262278838,31.09998112615737,0.00819882798906309,0.0967596036908007
247.2420253842995,6.385108396448919,32.746635490692924,0.005737714465091866,0.10188274582654236
462.86189628072555,14.567831024987894,5.60431948553886,0.013090780861852483,0.017436400690329736
791.1817038475399,39.34054740563197,3.399640489143174,0.035351761301259006,0.01057710823316301
322.077087017044,110.41512889619632,6.291865796284146,0.09922000425004951,0.019575524449823984
748.8709455671994,4.262678991394727,9.304533381001919,0.003830480767181819,0.028948665879296967
779.527986275787,143.68751934739927,11.751518077147347,0.12911886643478937,0.03656183028849802
428.56932597925197,0.014905985842922576,6.546308946761559e-05,1.3394649750183867e-05,2.0367158962467662e-07
217.063946404126,69.56671519353955,55.55733665770681,0.0625132610555034,0.17285238390690663
412.7719930774625,23.21826272244782,2.000110564098603,0.02086413473434254,0.00622283032053649
528.3094150727585,0.0,3.480693520995695,0.0,0.010829283924465648
447.38326179278147,0.0,0.0016922481059199388,0.0,5.264995351961901e-06
282.1182712085125,30.285070449011183,109.46864996074709,0.027214430202666305,0.3405835889032133
165.98295385728852,39.991100654702905,49.88206829889191,0.03593635416260851,0.15519524401957704
515.2591860116935,2.3126096012131896,0.0,0.0020781312919246385,0.0
675.545101655485,3.897763901985021,4.160778935217535,0.0035025648639528595,0.012945195020651253
861.7627840867035,0.0,2.6925301527871586,0.0,0.008377116032719813
779.384746767706,145.8811665812869,14.287610960931655,0.13109009709896818,0.04445223193737997
436.2821172129435,33.718652325590035,59.133019083153386,0.030299877023158877,0.1839772014110361
551.787039720784,0.0,0.0,0.0,0.0
263.200631817856,0.0,0.0015026837194067673,0.0,4.675214450214757e-06
628.3808528419775,5.923475386996624,10.603409105797844,0.005322886989747608,0.03298978409943473
316.2481059376605,0.45108921951875597,8.923490020302285,0.00040535273313749954,0.027763147327991566
663.0001465745186,0.0,6.081728244426354,0.0,0.01892173542802893
510.356187264866,75.30440498585361,99.39402994178522,0.0676691994787069,0.30923899623559054
789.132121204251,0.7056757595829595,2.250019869617404,0.0006341264332608152,0.0070003589390443734
305.1569618356035,15.097587103879693,20.14032685350131,0.013566824325502729,0.0626614542511384
525.2279641206395,5.405215580275076,26.09507816724782,0.004857174177204641,0.08118813357155695
277.21776221830896,0.0034296824554247247,0.0038189613052343626,3.081942766407295e-06,1.1881717255904872e-05
789.383848366451,1.0267192448483105,4.109983242073115,0.0009226189278212791,0.012787157267576227
823.5922359871524,23.890450913682866,0.6264038503989868,0.021468168944671413,0.0019488946976890483
514.8756619104586,18.29064327319364,18.828831503130182,0.016436132633676888,0.058581073307192866
791.5823847093905,35.89503765534536,2.9852246385667787,0.03225559598872817,0.00928775975085052
619.5565150701825,0.38272222521861077,6.645050710281864,0.0003439175518101226,0.02067436859925808
473.34441900051,1.4589283050543576,6.669192186680986,0.001311005784036154,0.020749478602682652
374.3629140193355,11.274858619806926,0.0,0.010131686946882585,0.0
517.3679714726985,1.6362372322665064,4.757191331569656,0.0014703371427678032,0.014800779011947467
325.2054498178925,1.9967150637037456,16.253665077366165,0.001794265687024419,0.05056910436791882
736.3801397602986,0.0,0.0009759969790615886,0.0,3.0365639295513746e-06
774.533714310006,22.404904185760284,25.56828643401209,0.02013324361214116,0.07954915639248053
861.428237208204,0.005581196967758828,0.9720109937209038,5.015312597080805e-06,0.0030241625599068895
408.221870956296,0.0,4.708348336382652,0.0,0.014648816577044532
100.95652132465699,19.84171708625026,26.698985301913737,0.017829941180223987,0.0830670355162007
645.3124553733,4.872909263620838,0.011022156292132657,0.004378839047510461,3.429260842051819e-05
909.2817948812076,119.52883828143817,6.678570197863528,0.10740966352027077,0.02077865587586972
475.27270130160196,0.3382807214617269,5.474754581242103,0.0003039820263461976,0.017033292767494164
304.211920840041,0.4018745959628656,18.61265775051297,0.0003611280403150991,0.0579085041970463
305.15719175774905,15.033778275996553,20.059879546447593,0.013509485152537514,0.062411163116975525
823.9927215210489,23.27736745338195,0.0009022317228576037,0.0209172467644883,2.807062280418707e-06
397.22565344838154,0.0,0.23933188292876345,0.0,0.0007446196847779745
450.3578644723545,8.993204017986983,5.499811090051902,0.008081372089191751,0.017111249659251634
111.984431836387,6.043303298646825,0.0010479563186187703,0.005430565403222857,3.260446932861253e-06
734.8128292124165,13.178564028903224,12.7204100141862,0.011842373341669593,0.039576288704623604
802.6782579145075,75.55802919273538,6.222822966051808,0.06789710841778338,0.019360715416214848
545.2731959718305,6.233979120924699,0.34257437245200234,0.005601908371219376,0.0010658321745797182
572.3693757891965,8.88029078477835,4.22396684371807,0.007979907266473664,0.013141787969044395
577.3308359295086,0.0034527135054922553,2.9280397458927006,3.1026386702062377e-06,0.009109843644413048
420.921297689369,6.2604126219636775,13.788805349576439,0.005625661747334135,0.04290032638870153
443.0055162458315,0.0008729550349521427,15.733152571280206,7.844450587879309e-07,0.04894966339138965
270.0640698977465,27.4536526636401,13.789915709073659,0.024670093321419746,0.042903780987097254
294.10080033030704,101.27832736552332,22.103320700174198,0.09100959417519912,0.06876880543830026
364.2613907333,10.635203222896948,8.183833237919108,0.009556886991165997,0.02546189521982182
378.208034566758,7.536216574098903,0.009622393965347904,0.006772110380040009,2.993760744956614e-05
935.956172604763,70.22019369223268,1.2974956177046362,0.06310048257184654,0.0040368243713838955
192.065261910146,202.46491843641223,125.87665422177851,0.18193675331061246,0.3916328800013051
613.1594023897155,13.211157062468445,0.0,0.011871661727791964,0.0
990.7892753530155,13.272017375242491,19.05051738210608,0.011926351339192747,0.05927079198279403
802.5353076030219,70.39103755821068,4.803073571534238,0.06325400436979117,0.014943529817403267
619.8074020287465,1.4937834303022832,5.090250040061818,0.0013423269056053407,0.015837005642077687
355.28221722959904,0.7458988189503525,11.408603800787604,0.0006702712275592006,0.03549494059020881
756.3779260829585,177.22032424577236,19.55786492659972,0.15925173932814587,0.060849273562559904
213.159420502972,0.01117601946451822,2.929299765731969,1.0042869214151083e-05,0.009113763872524943
936.1235444634794,62.75359441561766,1.2188200006873005,0.05639093090655224,0.0037920453957360984
779.6711327607816,120.83813423624605,8.582274441565604,0.10858620836063174,0.02670154269107043
773.5188234141369,3.5832640497321115,2.9676926695439114,0.003219952535469235,0.009233213532070173
349.18314754966,6.622139731281498,10.18588575059606,0.005950712903662666,0.03169076741459825
587.329132594005,0.0,7.025326635565293,0.0,0.021857499472370714
476.3736408440735,3.5029362833802056,0.001452393673887027,0.0031477692993628313,4.518749889855597e-06
418.74773724966553,1.988250752188276,8.057612851449292,0.0017866595823815654,0.025069192905213433
780.0260123990255,8.9257571556181,0.012089019529011646,0.008020763746496393,3.761187937357586e-05
868.2408119438405,47.81928244939702,0.0016185515132960404,0.042970827053274735,5.035707331923419e-06
497.6137551934675,0.0,8.375535014398919,0.0,0.02605832606149226
437.259924541813,27.717172114053266,0.015371805073797873,0.024906894213211902,4.782542345988545e-05
470.38413309032546,4.355322852642066,14.901613791755695,0.003913731354294241,0.04636254404768524
375.250728614313,1.1289374663239746,2.463792386210592,0.001014473119095943,0.007665457220025155
318.05448119542,171.83597949705862,0.0,0.1544133198634242,0.0
881.938415006116,175.00442007470966,10.417099769276918,0.15726050838480984,0.03241013044972565
576.3054831316725,6.884565052650602,11.482156665981508,0.00618653060148958,0.03572378143926319
273.9628203183595,55.50364643835446,70.44483399796873,0.049876064001012875,0.21917100824137672
370.278376303728,18.95428874934916,1.763265885870338,0.017032490285231874,0.00548594893438133
511.5052943407645,0.0,0.001128743930127549,0.0,3.5117968369337403e-06
146.05978872905848,55.68461910409872,30.258259133342275,0.050038687627356415,0.09414080189435463
664.3469973334165,6.481269703869374,4.9909884891191325,0.00582412586021796,0.015528178820222468
938.775902582903,8.003066280437732,4.270361483287814,0.0071916256250081165,0.013286132974269182
756.2346092641426,169.22598541179772,14.873359870676307,0.1520679562631548,0.04627463922886034
630.3469870932905,0.0,0.0,0.0,0.0
645.5637263093786,5.2052315970413465,0.017274822192526962,0.004677466814049301,5.3746172462210884e-05
407.754747522576,14.28703943374467,4.647094865177232,0.01283845907266431,0.014458242133462718
346.331770788158,4.068727925320605,0.0,0.0036561946363539723,0.0
781.403201119484,0.7509254694320131,5.94990853889551,0.0006747882198150604,0.018511612270266795
714.8597330457314,8.928503977817922,2.0017980385921272,0.008023232065041729,0.006228080464019515
538.868037049421,0.37490424107150466,0.6209356598893905,0.0003368922426151124,0.0019318818273445922
244.117735028992,121.32638087974347,54.51279363176673,0.10902495108119162,0.16960255655755996
124.956847818916,41.735028880614806,55.389593817661726,0.0375034633777726,0.17233049514244433
601.5193254107745,7.805836642726604,2.4891880254517673,0.007014393340922018,0.007744469229019073
530.320972053188,0.36557606246367425,0.9176090494797986,0.00032850985941847383,0.0028549048827582997
425.1379888099115,5.764406935601816,0.4363714615398886,0.005179946682733346,0.001357657726842231
777.8605728220195,0.0,5.298258023967326,0.0,0.016484169060138134
561.3943569881525,3.392907426328475,13.004317757206714,0.0030488964023836123,0.04045959472940795
385.2745604593785,3.820198273777936,9.168667159146374,0.0034328637094344417,0.028525953025280087
476.7579426123375,0.004965297662620772,5.189159366889769,4.461860074004454e-06,0.016144736609063612
709.2024092072315,0.10038420528083947,0.08609246331190334,9.020612821967958e-05,0.0002678545879829552
882.105491582895,177.05257505377614,12.84413469636347,0.15910099843141193,0.03996122627631151
472.26368912334146,0.008847208228021044,10.476026977946104,7.950178990512963e-06,0.032593467324893065
472.3999637290575,0.24223954552740645,3.6533741946721356,0.00021767858242827543,0.011366535490060324
517.297248303296,0.0013968009166669389,17.712998171924884,1.2551775673645118e-06,0.055109444482903905
988.7262158934475,25.014466818851457,0.0,0.02247821950570275,0.0
443.72261543831155,2.6308514428114913,1.369556462634021,0.002364106204887991,0.004261023182589189
442.3892653237985,2.606961007392032,0.0,0.002342638049866565,0.0
728.52115810196,16.61281121277456,5.198062376423661,0.014928418013136465,0.01617243603661826
599.504304820801,20.279430740553785,22.664318901658266,0.018223274513024152,0.07051420725789156
936.2903972832839,61.41251429547069,0.785381494572049,0.05518582453615862,0.0024435128064101723
802.8221100981259,62.103179821165554,2.5822283971501974,0.05580646264146058,0.00803394044947628
664.3472831905665,6.485285084552598,4.97035022256776,0.0058277341165541875,0.015463968154490058
868.4064051623984,0.19790545775798898,0.0,0.00017783958191377978,0.0
394.8743694151775,10.219267645245953,3.8412726650632774,0.009183123629253187,0.011951133321660387
296.2946437222795,0.0010475949827142284,2.581934446222302,9.41378049152619e-07,0.008033025896661206
703.8575099313646,18.31307044433663,0.5508725895167856,0.016456285886572296,0.0017138985785730343
396.3108947824925,1.976448217831651,7.296970319462666,0.0017760537213846852,0.022702649027040767
498.3461134703135,210.15946301731873,313.6637155768202,0.1888511386276597,0.975884090999354
511.7558236623815,0.0,0.537182062343266,0.0,0.0016713040194877961
779.2411535249695,102.35020760752211,7.781842460171521,0.09197279517156481,0.024211204160414758
290.6488948622925,0.8073874799473406,4.292830483770733,0.0007255254781898964,0.013356039498431898
651.5371026991616,4.123119829795607,0.010932131251438548,0.0037050716792658327,3.401251862803649e-05
709.037169186076,0.0,0.0,0.0,0.0
787.3422510049704,2.387674867627811,16.46102400331807,0.002145585599383645,0.05121424840885784
579.2940368000791,8.684490299671223,15.830052147584086,0.007803959231465211,0.04925114153579547
114.09107286814401,5.893959512769659,15.185495541433005,0.0052963637660234705,0.04724576920085824
774.639461800688,0.025135645496388803,1.8150861389808475,2.2587111729263657e-05,0.005647174342647339
963.642573134252,1.3004348010671727,35.61762413989519,0.0011685821298103114,0.11081508963635747
369.153568502413,0.0,0.0,0.0,0.0
790.9821050333519,23.395026498662475,0.0049512681701173,0.02102297621560152,1.5404599249241412e-05
118.064777069399,20.113820600522473,14.209446659130254,0.018074455787166342,0.04420904378770259
575.504710694109,2.534884391107021,2.994807888305243,0.0022778693696538085,0.00931757557109177
428.364373275949,43.51705043016249,27.009791238784985,0.039104803588007976,0.08403402836273706
281.900291763463,5.670790564801254,7.645545911762261,0.0050958221899979495,0.02378715245584919
504.404772424998,2.349648388891957,0.06192977646014697,0.0021114146717263224,0.00019267859368260945
516.3078807925795,3.4363980938110963,1.818838594149,0.0030879774980233227,0.005658849143138859
141.983159092205,5.632771322419338,8.698601474378494,0.00506165776499181,0.027063464376741005
174.058104249282,91.26981945402125,82.33873018395306,0.08201586109311873,0.25617581144774976
195.0666667735695,0.0,0.0,0.0,0.0
737.501628688186,0.0,2.2815334286375126,0.0,0.007098405284130665
716.5973362297796,5.598121898573513,14.747273527747254,0.00503052148850857,0.04588235395630188
457.732505998026,2.619166405999263,0.3426549288793992,0.0023536059282161115,0.0010660828052138024
480.309366189913,701.4484983548488,2355.8083587260408,0.6303277792066817,7.329492652652675
499.60072920098753,2.544352794272836,2.161185198210637,0.0022863777598693975,0.006723972674870993
344.1341030129185,73.95967003543849,13.425013514110871,0.0664608088457456,0.041768481527355586
386.32666967965804,5.044912290057988,0.8050193669507832,0.004533402477220893,0.002504611002611285
781.7381646938545,2.2157503081909673,6.422196199411432,0.0019910926808086146,0.019981014025663373
597.3342977498785,0.48873506185015536,0.4330672774957552,0.0004391816175798634,0.0013473776068210995
696.4394190493119,6.332114233344501,4.486151328965886,0.005690093444847516,0.013957507656575595
560.7730572070495,10.304936192454509,0.00427385204457309,0.00926010613792842,1.3296992959207814e-05
499.2632811253215,3.902687660685743,4.345110582101427,0.003506989396750997,0.013518695596995872
477.988050926016,16.531582393252975,0.0007344326703391267,0.014855425082740712,2.2849986252827922e-06
368.2794638428355,0.29130221261308265,9.893423359198673,0.0002617667258323923,0.03078084579852776
230.2479060596435,4.507703867830166,17.273503223613226,0.004050662272418731,0.05374206882919401
166.0861198896315,73.7228451445772,117.43175664370273,0.06624799591953995,0.36535875013770996
268.263546923521,0.0,5.763170311394844,0.0,0.017930624236428733
485.519349137526,0.0,6.342363169962814,0.0,0.01973263405850039
478.2941375263075,15.70471936422676,25.607450716958482,0.014112398705156905,0.07967100600008495
325.11319058486697,30.45938990423669,33.038359241612376,0.02737107519562376,0.10279036935247494
791.7823514516685,21.24406653266026,8.51699579598637,0.019090104705130655,0.02649844495123269
526.932978314543,0.0,3.3400697172543947,0.0,0.010391769076327786
438.58445686385403,0.0,9.826135389874556,0.0,0.030571496563923748
862.0965079876255,0.0,1.5359431641373293,0.0,0.004778692670283468
988.9767243986701,21.8082790986758,0.0,0.019597111070631733,0.0
603.5351377008085,0.6816947104971067,4.3268542599615545,0.0006125768520031971,0.013461895739531654
612.6369952359855,0.009115539593519108,1.7988204925768372,8.191303911448111e-06,0.005596567961458798
406.2008285443675,0.0035687305188326565,19.515420938107436,3.2068925770013347e-06,0.06071721999349468
882.272772884003,152.40977474357192,8.531775596242689,0.13695676171354115,0.02654442850375092
468.307106488207,29.258288625915988,78.82742472474202,0.02629175504148295,0.24525128633976345
657.3748456668379,0.0032686650876669887,12.162788337014703,2.937251146038189e-06,0.037841392073219106
852.5521812948475,0.6461745482864026,0.5057717519516435,0.0005806581223803591,0.0015735789059911128
361.273823424309,11.411807356913394,13.286279233360117,0.010254750284430443,0.04133684544470598
823.3949371795629,17.09076692628944,0.001602117328241004,0.015357913213661612,4.9845765860089405e-06
280.138997901172,136.4077357939756,68.5969564413753,0.12257718901856149,0.2134218118248322
457.0049967430595,0.000579475666491902,9.115292501316837,5.207219215962664e-07,0.028359891485957342
974.815192073803,10.885535522526867,34.50078559792072,0.009781837793483638,0.10734033335693416
839.5721701069644,0.836563078255868,9.452501111640984,0.0007517429269861686,0.029409029469795137
337.17182310619353,15.551623831835403,29.327148928950276,0.013974825715600242,0.09124389163566464
158.9639221448695,35.09630624548329,72.35372464641623,0.03153784893111555,0.22511003122288928
770.3669194987405,0.1989573957964691,0.31259027322478344,0.00017878486267097483,0.0009725443508192341
548.9759696179525,0.0,4.0316542417020695,0.0,0.012543456700599857
278.123180638949,5.613904218602973,2.861135355388086,0.005044703619852825,0.00890168781678921
756.5209056391825,136.45556391072864,11.754960208092498,0.12262016778419758,0.03657253959487199
770.7013607158344,0.0035894143477166462,0.024131762709050264,3.225479247236589e-06,7.507978177273737e-05
313.2739525966865,0.0,5.705716796556897,0.0,0.017751872381120127
274.09197917827703,15.280494475300113,16.428065484756235,0.013731186495353213,0.051111706443274556
526.3777027734585,72.1412729633547,250.56754758443245,0.06482678127158908,0.779576569635081
770.3669331041905,0.21166656092517183,0.332558173307795,0.00019020543003969077,0.001034669343459332
525.8972863488996,3.881448588675187,16.131818945648284,0.0034879037801672807,0.050190011423506604
428.389137385813,46.19559788315681,0.2028786682814407,0.04151176984640819,0.0006312048698871703
349.183364417182,6.594061474116416,10.142697003277974,0.0059254815352523405,0.03155639671972714
239.8891564581515,14.221649863907187,18.37041024627549,0.012779699431100303,0.05715481330540169
571.3264174666965,0.0,7.883437694033106,0.0,0.024527291637299213
802.534842249366,70.33878675067113,4.794296044599777,0.06320705133538393,0.014916220796728349
802.391935963258,54.29299285590683,2.0987896069345062,0.04878816006251619,0.006529844818026292
666.322293463697,0.2719317547820305,0.0,0.0002443602623564564,0.0
335.10610174450653,2.2364561806039203,0.005028607789471692,0.0020096991595525337,1.564522161129276e-05
928.9282421376765,0.09772117615185039,0.6610053841172991,8.781310686347841e-05,0.002056548482946874
543.3030443509736,9.921973352422638,12.994473053986502,0.008915972367534549,0.04042896546380882
244.197400417347,3.4392802712170587,30.693038425223413,0.003090567447945292,0.09549350599422955
466.32763011472696,3.458329652646084,40.49389635670299,0.003107685389347376,0.12598635823850926
519.7638472492899,0.0,1.5619683978694727,0.0,0.004859663500833737
230.095935853365,36.63919017972002,11.790538545581969,0.03292429798064951,0.03668323245418577
554.288458578179,0.4237098305660658,2.7735254945900882,0.00038074937383876067,0.00862911223625001
291.11869615011346,14.662239421308554,22.429542010943077,0.013175617075674073,0.06978375926150185
758.9715171410495,19.20689757001943,3.463617382776625,0.017259486789343796,0.010776155906157724
756.090850274669,125.01996765773845,9.277632322739688,0.11234404058889053,0.028864970145664276
527.268695636625,6.420129473848895e-05,3.0131383062642043,5.7691847127219126e-08,0.009374605958666639
463.27746589297396,0.02592459277234119,0.49046049409632547,2.329606667824219e-05,0.0015259418596508447
414.7394159790515,0.30850000151061496,3.82725198051476,0.00027722080992904544,0.011907511562699022
261.13080746081755,10.09867744544849,5.430365152467122,0.009074760216956064,0.016895186460647704
485.77057743309297,0.000830521583419107,4.6245758062303635,7.463139866826744e-07,0.014388179865246223
779.814811126697,75.46556587507607,5.236819299819755,0.0678140200687243,0.016293018249606377
421.255280196201,3.518847810362508,6.93680899520617,0.0031620675372093223,0.02158209956887721
709.370305406391,0.0,1.4904136960191472,0.0,0.004637039423823361
379.556961612493,0.0012987474300044394,3.139664610203413,1.1670658433585409e-06,0.009768260056910531
346.33181911397253,4.068467612900083,0.0,0.0036559607173273973,0.0
427.3037563135105,0.0,0.366583684513545,0.0,0.0011405309826124246
548.0613738654306,9.525659844114804,0.06252253176652188,0.00855984156941156,0.00019452279957771256
230.1389720620605,44.862191471941145,8.37864084057931,0.04031355913823395,0.026067989041965726
304.2998174860795,0.7161871774996209,2.537141311405858,0.0006435720856889864,0.00789366356215283
457.25578499810854,0.0,5.748759063565664,0.0,0.01788578734013015
538.5304282376619,1.7370732609787707,3.3472965360094857,0.0015609492834898853,0.010414253466779705
445.005351118602,0.14298127330778573,13.948940860632815,0.00012848422754288614,0.04339854690284862
620.7146001523155,0.0,0.0,0.0,0.0
516.8550522019705,0.0,0.0,0.0,0.0
277.10345194128547,6.69315787520318,1.6516349084105706,0.006014530431316547,0.00513863781882766
292.1179243224575,28.824853717626134,7.523718906396637,0.025902266627417254,0.0234081190181697
666.825454201833,4.591378696515074,0.0012986920970650129,0.0041258532081241426,4.0405469096151775e-06
171.1489067052325,53.215224666627776,76.222024576631,0.04781966810502938,0.23714525293850383
361.274017314952,11.421177921576907,13.282936494073184,0.010263170756108858,0.041326445369949234
599.2971914106415,3.4509941515269893,5.89916095575419,0.0031010936436374472,0.018353724199110053
480.0295314618195,10.383482764976346,0.00016109187517160395,0.00933068877762058,5.011959954632373e-07
666.3231438316604,0.27261859087258544,0.0,0.00024497745929771993,0.0
398.7614395349185,5.228675072612182,2.9560952384456725,0.004698533327026531,0.009197131103841521
234.09713738904748,8.299898500603302,20.026882564300415,0.007458361664179593,0.062308501481825276
244.11784141808602,121.0565122829397,54.397446540368584,0.10878244479070859,0.16924368370791748
665.9854126718806,0.0,3.6438903075852807,0.0,0.011337028811189687
651.536661573312,4.131096960302028,0.020565612756287877,0.0037122399987765987,6.398462210908613e-05
303.2319296787605,168.35825765846914,44.47339377120646,0.15128820848552837,0.13836754236701224
248.9289542512745,43.75686727174341,46.327018117536774,0.039320305107399055,0.14413461844384268
799.536229074989,40.23851083194938,20.267022397704444,0.0361586791200967,0.06305563489699656
213.888675919101,29.812054195334756,45.548709287034846,0.026789373644119513,0.14171311041517456
499.26411051751245,3.6617956502918148,3.6915960432479835,0.003290521721224769,0.011485452955171524
445.3678825092665,0.0,0.0,0.0,0.0
427.09541873450996,90.15029539651638,31.273721841696897,0.0810098469458356,0.09730015330439584
518.7693260002065,0.0,12.194635051749074,0.0,0.037940474946744074
280.13911485170104,136.28519791894124,68.74105777503985,0.12246707540819626,0.21387014611417265
645.342969111069,0.193798740313464,22.483797982750552,0.00017414924956192797,0.0699525627829141
364.8722222176175,49.90586073433031,11.232422622401897,0.044845844619878096,0.03494679810326558
656.419181689505,25.489308397919327,0.058691293690101974,0.022904916317672306,0.00018260288630137615
246.094755873359,40.644135689892956,27.536191957263497,0.03652317717875426,0.08567178899982292
758.771516494518,15.397781590644627,1.171522267560249,0.013836581726960458,0.003644890646854352
567.2820114701625,0.0,42.16700729915084,0.0,0.1311918132214332
534.3925931764635,0.0,5.773962290636072,0.0,0.017964200708073027
540.5037382666815,2.880417716533634,20.465506171948164,0.002588368649599343,0.06367316618285074
544.3403624081791,40.047224873675404,164.93848968967913,0.03598678787853721,0.5131637485885661
284.33136769154805,0.6270123614942517,0.34996054378146163,0.00056343881308856,0.0010888123496393656
818.3977132000045,14.7269359248276,1.2534649378960978,0.01323375392175934,0.003899834219807005
802.964909727231,34.564564957179385,0.7592543617511376,0.03106002154085782,0.002362224943016518
777.879559397705,0.0,1.9645205437359117,0.0,0.006112101112963268
118.0862530009345,6.999987682344965,6.482305161920198,0.006290250389921773,0.02016802762438616
734.306862800044,186.71954545264924,227.5903955637897,0.16778782290600922,0.7080890624741604
317.189403707292,10.487642059743472,70.40537704852831,0.009424287234397206,0.21904824807714326
238.062558901566,0.003628871343414289,197.03297870608273,3.2609356499954433e-06,0.6130175081548075
418.8898461642665,12.218498614368809,4.830642069542935,0.010979650130976392,0.01502930211838478
255.085921728896,3.624608263703525,0.011616194055464879,0.0032571048091383182,3.614080435106336e-05
419.0449228619425,10.723693520755523,36.01601033411987,0.009636405149749774,0.11205456595991846
498.907714364163,0.0,0.1192160540586119,0.0,0.0003709101332730496
575.130173447067,77.50374656656525,0.0,0.06964554713293708,0.0
441.26379229051804,0.0,0.3146369708226051,0.0,0.0009789121247299898
559.1319367503361,167.92361093325587,652.4177447797778,0.15089763112213578,2.029830248759933
538.7810068504895,5.770709794947503,12.225072993574532,0.0051856104874792915,0.038035174785186025
852.551991538139,0.6459709871298847,0.5056124211902657,0.0005804752005378836,0.0015730831892489024
571.2054827774784,0.0,154.38474374186444,0.0,0.48032847864992745
825.829099129876,20.862839719169532,0.0,0.01874753094342864,0.0
294.0888046331545,2.9889691556232734,175.10222023174668,0.0026859139258263768,0.5447855857620748
98.98366413318101,64.2382915217708,59.90922377850087,0.057725092761500965,0.18639216296358807
284.2950522368215,1.2202485199126842,5.62008815607703,0.0010965260335445207,0.017485460858752824
286.310560099914,5.8411760650300595,22.675476747970635,0.005248932096455988,0.07054892203096003
114.037167899604,1.967894629284551,0.0,0.001768367391617373,0.0
485.290136952554,0.0,0.5543889964846035,0.0,0.0017248389757148013
200.05117845548602,8.996403468343487,4.531241453025544,0.008084247143372676,0.014097793996836812
359.16725253745153,6.3511266644647995,12.733946747967874,0.0057071781823777624,0.039618404775069734
341.304936100811,28.35791325359677,83.62757839766184,0.025482669826791593,0.260185731642562
549.3098100718545,0.004145108391461269,2.474804320750068,3.7248307938340053e-06,0.007699718026087591
570.3562628169275,0.0,0.020359844370767988,0.0,6.334442662619387e-05
498.943450164485,0.0005172874809294087,7.136549517487202,4.6483907204931425e-07,0.022203540903471812
356.352683141824,1.5488438408438467,11.790479351375554,0.00139180467393797,0.03668304828661569
788.558729569642,1.7817563977741955,1.2628459158061425,0.0016011019425237354,0.00392902072320474
631.708473438664,0.4404279645574042,1.4513843329106704,0.00039577243582542866,0.004515609584642389
310.310345887449,3.6761313452540025,8.319435152028223,0.0033034039025824783,0.02588378574816932
494.958386648506,0.9352591827254659,8.011583998783548,0.000840432112995661,0.02492598595199333
759.1716065627895,16.78145915681695,1.8741239586521774,0.015079966536349977,0.005830855355539087
598.8376031678436,5.552573431875067,1.1562954666697651,0.004989591236426432,0.0035975163666686068
501.6135871558455,0.0,3.7483447060271597,0.0,0.011662011844330388
524.298859149596,107.78390292265104,183.3453780278361,0.09685556148855581,0.5704320541079831
807.3677998986785,6.206560739592575,9.26695586039979,0.005577269973026131,0.02883175307518961
260.11299869779054,18.74877990162868,9.849294137144987,0.016847818230341476,0.030643549058064254
305.1571520514815,15.044797703405553,20.073772346076378,0.013519387306755724,0.06245438699485455
701.560041772321,46.54085509062876,69.1249889562915,0.0418220210043354,0.21506464937743047
301.216459469998,10.42760952248891,4.604767912307847,0.009370341469345945,0.014326552690679223
275.1466619275815,4.184179783704491,2.1118842598116325,0.003759940689943191,0.006570585467280052
367.150202408624,6.353574686645169,1.4811710598407186,0.005709377996602214,0.004608283335192464
650.316251240424,0.6187339254217329,0.8167241096461858,0.0005559997377506933,0.002541027303313068
587.1316109851385,24.03642412707313,3.551192038501278,0.02159934175584108,0.01104862195515313
770.701269905829,0.004226903955276251,0.02841762843778639,3.7983330056277123e-06,8.841415222467633e-05
322.077410501952,110.23466578092408,6.28518716765355,0.09905783851023386,0.019554745612149677
339.28966766031,4.781832653037701,12.645878654220375,0.004296996805605057,0.03934440352039871
825.6861835961595,20.48791746683805,0.0,0.018410622515737177,0.0
863.449991935546,0.6614483867710774,0.38292058005067275,0.000594383327744098,0.001191359037179344
178.122881457922,12.68006354576938,4.289635601444442,0.011394416430785658,0.013346099442633258
499.598685872653,2.5283097704127115,2.1738209196929095,0.002271961357773977,0.006763285476959599
788.5479469573805,21.901820409628716,15.523235660930355,0.019681168113929025,0.04829656083897796
704.526334635956,10.620895900445017,54.63507691967362,0.009544030305595108,0.169983009601177
708.106801544679,1.1614226615847398,5.5642702183717105,0.001043664600771131,0.0173117976816179
504.78083920600295,0.0,2.333391651748027,0.0,0.00725974882629964
422.74717679543903,0.0,8.026864859434681,0.0,0.024973528425239866
448.342107417382,33.366722376582025,11.498717406942273,0.029983629681101954,0.03577530593137427
246.2429803899845,3.6646117212974674,8.238477221634442,0.003293052267355018,0.02563190594063011
572.3358541154751,36.34780907515786,253.79805523171487,0.03266246036181902,0.7896274644701342
708.3582303123395,1.7896946910232017,5.1490900251012794,0.0016082353625340043,0.016020071143323357
338.3421025206035,1.6436435539215153,6.192389355479305,0.001476992528433096,0.019266029053354044
536.4688331243075,0.2703491379672354,2.9398249512888683,0.00024293810899160553,0.009146510284142574
624.3181253094845,0.0,6.141304517225124,0.0,0.01910709169953276
391.8950709426505,0.0022062427666419203,0.285160262251441,1.9825491204982264e-06,0.0008872029166798216
248.14930420291,5.069317794058863,2.6007870849365458,0.004555333477391783,0.00809168103999124
396.415750001657,0.0,0.0,0.0,0.0
246.1524122685085,22.35975546913246,24.213967873759053,0.020092672578982212,0.07533554202951352
502.32705583727954,8.674039920411273,4.098846275906133,0.007794568428909868,0.012752507457717383
805.1863311940725,9.250669074175358,10.120540880212,0.008312732449177076,0.031487463633289185
132.0763895053185,26.09375769976233,20.549609939723922,0.02344807976725886,0.06393483345544086
655.3425026708101,8.284268933104787,11.884576476765314,0.0074443167976007835,0.03697580732477147
543.1512174761419,7.232314562633902,17.827018388632766,0.006499021364335434,0.055464189102736317
733.2272395416251,114.74771848420747,9.838440514911222,0.10311330729315263,0.030609780800080793
478.294555971637,18.513153401912064,28.67401168491581,0.01663608218894007,0.0892118228497668
733.0842195808384,120.29465801731689,9.525574593963581,0.10809783585868368,0.029636378842168045
720.5655190201101,348.92952564828585,233.52391884047202,0.31355113528272416,0.7265496962093699
546.3561322100766,25.2534250887056,55.82263823174402,0.022692949505002055,0.17367780161562657
337.1781989372655,21.397477690493453,13.08681456813858,0.019227961318480487,0.04071626236850207
445.2554756448975,0.0,9.40398905918673,0.0,0.029258096678207265
252.107812496667,0.24298690901885295,6.4480769625676935,0.0002183501698233992,0.020061535373121976
875.5898756296505,5.603989695249499,1.5239305647361805,0.005035794342119755,0.004741318552510325
304.299942136814,0.7156466076328727,2.5732930949030766,0.0006430863248606253,0.008006140551438345
847.902016676521,0.0,2.6368584424161985,0.0,0.008203907804379363
839.4618847408175,3.6650604192870326,4.434876361846392,0.003293455471307925,0.013797978765621761
148.0604483078675,0.0,0.0,0.0,0.0
740.4656221469891,4.180241287322035,4.958151399404118,0.003756401522514664,0.015426014649308817
114.0371866552735,0.7597941578033698,0.0,0.0006827577010509664,0.0
825.9716259981585,17.72959460373443,0.5606604347914745,0.015931969373399742,0.0017443509452778234
802.537818060135,0.38406413387578636,0.1821102595560898,0.0003451234027111645,0.0005665893002055752
854.92970583889,118.08015308167757,4.734441832209015,0.10610786228058412,0.014729999787568827
948.2134241571775,14.533175087427896,0.0,0.013059638732088496,0.0
568.3314706215056,0.0,6.666991605850077,0.0,0.020742632060614843
364.717867272636,0.04033698674930293,4.59805665061656,3.624717044403052e-05,0.014305672323617909
665.985390681427,0.0,4.037477834953023,0.0,0.012561575315293963
672.4226059956479,2.1805967649452116,5.606123743299404,0.001959503398206524,0.01744201417495399
282.438528362128,0.0,1.0679356286054236,0.0,0.003322607424486063
533.432095926483,0.7033843751226599,6.663259024750216,0.0006320673750668682,0.02073101909318244
599.498414458801,2.167501356051956,4.791353435518478,0.0019477357487998341,0.014907065624338744
530.8503287117856,4.565169044642188,0.8387045798372036,0.004102300984835386,0.002609413890944516
146.05992231835552,55.34880945045328,30.06935364874116,0.04973692612424544,0.09355307099667735
575.8011762339305,2.6136545846268007,0.003366247396730501,0.0023486529571380686,1.0473214202656898e-05
560.8812752035719,0.2522435663800299,1.2280811869690225,0.00022666828339985197,0.0038208591982490654
371.2254222247965,25.559538498176313,35.092791170900036,0.022968025702370217,0.10918220664913517
393.449795616506,0.00038045326855003583,1.483006184909478,3.418786474267312e-07,0.004613992855518406
782.071307102259,0.0006386538743248238,4.268714258832813,5.738999787283908e-07,0.013281008058443379
606.844084047688,0.0,5.004496301870359,0.0,0.015570204910310317
373.2341428464105,0.0,0.1345824005072087,0.0,0.00041871857362259143
280.263692854745,0.5414741676553574,8.114749229668982,0.00048657344109578215,0.025246958071386317
361.183300176876,1.2996694145777625,0.917125770271331,0.001167894346790979,0.002853401283624472
274.140292024176,2.7696761561990564,5.580987513531595,0.0024888553111927576,0.017363809251910854
438.918917023805,0.04435042859045317,5.2365380008683395,3.985368451974765e-05,0.016292143060166638
89.93981484232779,3.211362609197589,7.36240564561683,0.0028857586357806746,0.022906234238246247
528.3095373225731,0.0,3.4774940121928073,0.0,0.010819329474573322
528.2199326690355,0.0,0.0,0.0,0.0
285.665530049375,1.6063089081656918,4.1666348524291825,0.0014434432879657916,0.01296341420304711
582.8945445698284,1.3470237594555847,4.665064631048377,0.0012104473768603727,0.014514150444694653
181.086172487718,0.28702859907740025,0.0,0.0002579264191877104,0.0
216.12311388372302,13.7088653320473,6.267766041446071,0.012318906748619903,0.019500544252321027
756.6640050317014,89.91899690742267,5.50091301253334,0.08080200009277905,0.017114678008039678
676.3346440941004,4.0124007005503,5.119944205357989,0.003605578497633007,0.015929391410877076
325.5395598251275,0.0,5.460669007756381,0.0,0.016989469123270477
757.3614747613731,0.919530413250207,3.157940253229777,0.0008262981026495753,0.009825120026350779
538.4838911223545,3.834716396243397,9.633760158732924,0.003445909821748272,0.029972970441040196
105.980537272405,5.566694636608251,3.920392222400669,0.005002280674981175,0.012197293503594346
585.28913420855,0.2258658674880461,10.444631892270829,0.00020296505158431293,0.03249578957919105
506.361090371805,7.837288269495465,42.223784630307755,0.007042656048875846,0.13136846130488633
526.288718937633,8.819714189671872,0.007195349366553194,0.007925472606259948,2.2386481531944383e-05
963.132175305712,19.175680472610765,0.002740001105790313,0.017231434831532166,8.524809710757018e-06
778.537785395747,7.13556291115809,11.391321130490976,0.006412079480858086,0.03544117000038636
567.8894923390525,0.0,0.0,0.0,0.0
419.2146593899365,0.3362098100241559,1.7588978795200125,0.0003021210871461859,0.005472359004481954
855.096831989461,115.12828084372563,7.851703173922728,0.10345528397068113,0.024428557828531226
556.3213195973375,0.8979235526101838,0.0016792382144856838,0.0008068819879743045,5.224518416167876e-06
427.225674612624,0.0,6.072260704538423,0.0,0.018892279609269206
758.1398550512455,23.899517652750006,14.797634457509286,0.021476316396001397,0.046039039054775334
179.0451769796185,8.19722832449286,0.6615383602831421,0.007366101342502041,0.002058206701399625
631.9086343080264,0.22327007154601422,0.5499515346073628,0.0002006324465602062,0.0017110329527820825
391.66831412725753,0.0,0.30682634073874293,0.0,0.0009546113552721489
585.8159321767196,8.302860266712342e-05,5.099093466766102,7.461023133208923e-08,0.015864519692961
948.4635955698805,14.484018646845978,0.5309460098120348,0.013015466322997344,0.0016519021436773491
186.1062411123335,12.234472090350785,5.2811169318219555,0.01099400403673789,0.01643083895437101
757.110191404497,0.37404485449789604,3.862512485333557,0.0003361199902948162,0.012017215567288748
336.244083516027,0.0,7.9626180663344455,0.0,0.024773641029374047
144.987601052991,14.091688175226736,15.499453914447285,0.012662914716613028,0.04822257004279572
200.05125576479952,8.960290061646546,4.489229133408344,0.00805179531904593,0.01396708345460846
545.3049337046755,0.0,1.0684748966862245,0.0,0.0033242852186162178
723.1249753228815,2.1499008858727517,0.0,0.001931919811768005,0.0
443.7710151241945,0.6379816592795567,2.354463255331953,0.000573295920386793,0.007325307708912448
388.3057142793185,0.019295524513178612,5.0966489173589355,1.7339127738594422e-05,0.01585691410532799
462.2977133791025,10.581364662329111,30.649971379975945,0.009508507187947369,0.09535951394409374
528.554071832039,0.0,0.0,0.0,0.0
419.2240637204665,6.550620253826708,2.4264824292209966,0.00588644487329432,0.007549376871378328
520.509505537198,0.0,0.001103724408582013,0.0,3.433955021549377e-06
313.2739493452415,0.0,5.705755014293629,0.0,0.01775199128579229
858.410560590733,9.124247960466576,1.806390823406335,0.00819912932644492,0.005620121101504095
303.232283393742,0.12878135712214023,0.3937384083161179,0.00011572405818588935,0.0012250159314235415
779.0982304217855,48.57284500801964,0.19881114834868185,0.04364798498458962,0.0006185498263004348
963.2996386953425,15.348147829425233,0.0,0.013791980393353687,0.0
553.285573935948,2.596768005850195,1.2942022072691668,0.002333478529188446,0.004026577770679075
145.04939301815,1.9961675392898917,5.235347765065938,0.0017937736767789693,0.01628843994716243
386.8707529623475,0.0,7.057145479668543,0.0,0.021956495633585114
122.96394546162,5.561628517259192,12.23597890930368,0.004997728215654542,0.038069105740949544
577.9755454618485,0.007310199921559679,0.001111543259862735,6.569009831684844e-06,3.4582813691497513e-06
367.13203266141204,1062.8011158963805,42.079571455029686,0.9550424139370713,0.13091977904909033
315.676364645807,0.0030222809040418826,0.002785078844544032,2.715848155426183e-06,8.665057517319794e-06
396.666666339598,0.0,0.0,0.0,0.0
415.770093320249,0.003875095241946643,3.8666304718308973,3.4821946070158297e-06,0.012030027624629567
333.18877266944503,0.06992190843294566,0.0,6.283244081896312e-05,0.0
503.7794710728085,8.153464476667402,17.7800479367425,0.007326774764607786,0.05531805260536535
220.04295938368,11.935211594929523,9.010257646945428,0.010725085928101853,0.028033102513273674
305.157159592859,15.042704792965209,20.071133698503367,0.013517506599058675,0.062446177520629836
863.7007841752629,0.8557369946722998,0.0014061700226772889,0.0007689727766213303,4.374936870997064e-06
126.958219547086,0.0,0.42758265005431895,0.0,0.0013303135971848134
349.139792342223,5.078724453550691,0.10434628807821875,0.004563786384199829,0.00032464667551076624
380.249745356613,14.100113193479894,17.510142823652348,0.012670485511985383,0.05447831216723503
594.377902795422,5.402483664358306,17.701427952934797,0.0048547192535761275,0.05507344671816073
530.2950923479195,1.039873509959021,5.7845203380451675,0.0009344394659417208,0.017997049360903676
531.3114438368455,0.0,2.1435199956819866,0.0,0.006669011934256514
148.111748512771,0.0002561270856457848,0.0003044589913676752,2.3015804790862325e-07,9.472459557237383e-07
715.343709452846,10.209198797972967,0.34992865983987453,0.009174075674691107,0.0010887131509440496
298.2742154522005,0.0,20.381292192683965,0.0,0.0634111560155206
332.331365230564,0.28774986129799496,2.833905733504131,0.0002585745517516825,0.008816969841834367
399.325271309048,0.03749520227098535,0.594582396105718,3.369351796148464e-05,0.001849890415538795
465.250499600529,0.0,21.01496346168811,0.0,0.06538266141966756
286.2013028959955,0.9299578204422273,0.058369644172486065,0.0008356682623029857,0.00018160215643837067
385.3467961532265,0.0,9.639029843905686,0.0,0.029989365713012334
468.36885143153347,0.43620992657858876,5.428313292301335,0.0003919820698640902,0.01688880262473266
304.0665725857325,42.45154792032099,0.3848343948277345,0.03814733367775409,0.0011973133803223482
331.26342827533597,2.86435156021207,2.260035577721495,0.002573931460470975,0.0070315202424195535
374.3628763114705,11.275552970334465,0.0,0.010132310896362897,0.0
326.123840987427,16.49234352672118,0.747667613766612,0.01482016469276542,0.0023261757525523826
771.0360706539675,0.022045659144408775,0.16826749429618812,1.9810422863879243e-05,0.0005235210914147241
417.336702889099,0.75679892863793,18.63777718618175,0.0006800661618253572,0.057986656869563634
348.0703276123495,1.1159505681256408,2.737867123850259,0.0010028029783524129,0.008518170374033136
586.3378492468485,0.0,0.0,0.0,0.0
526.0376218998755,10.585449817344067,1.016688361685043,0.009512178144110695,0.003163164715587371
563.5982455653225,0.0,6.721271743496246,0.0,0.02091151076782756
310.3107649174565,3.6756429463489027,8.315208313299975,0.003302965023038306,0.025870635025069165
630.879880666109,0.0,0.5443903052589424,0.0,0.0016937306159863145
623.008255372196,4.280213883487274,18.228292854006195,0.003846237775169215,0.05671265154016573
153.0407107972845,6.444433283286834,0.0,0.005791024329265691,0.0
597.6354244497825,1.7908863150321879,0.5711198763185488,0.0016093061663307125,0.0017768928112320637
406.74798146387,1.7902648833387351,1.5770422991249817,0.0016087477423549232,0.004906562073075332
286.1053371504695,0.835119444394299,7.949411731879534,0.0007504456649233308,0.024732552911574817
780.5531843194715,1900.686260542222,845.3485404933881,1.7079733613887629,2.630084868120415
563.2636318012931,0.3991512568958121,5.8123643767348225,0.0003586808239190434,0.018083678935945324
286.105276061101,0.835654617865179,7.95450599030755,0.0007509265765029853,0.024748402388286517
448.34215677725354,33.35854926147943,11.495900818011588,0.029976285248112362,0.03576654283831684
570.3564194469275,0.36875835036117127,0.21893177340818734,0.0003313694912630499,0.0006811499834796778
507.77549191942353,2.7337326701122784,0.23521572863091003,0.002456556179018176,0.0007318133278552849
479.22940269810454,0.02573408972501525,4.940785128981876,2.312487896733441e-05,0.01537198395916701
715.5099566017975,9.664467298585322,0.9449747171042916,0.008684575166701937,0.0029400461290934312
307.11147251156,2931.1060759704687,3361.7887531794095,2.6339176544234815,10.459342278386199
708.7641015615754,0.0,0.0,0.0,0.0
501.9487499172555,0.0025539205464484736,2.1488921936000462,2.294975425977478e-06,0.00668572614830672
733.370900435321,88.88170049792306,7.228161070316518,0.0798698764319366,0.022488566720989367
277.0648435303565,132.16075469722713,111.08191948651766,0.11876081451733336,0.3456028626875538
540.5018386965885,2.3808145204289617,19.46439793201944,0.002139420831158209,0.06055847501457778
507.30473225912397,0.0,0.0,0.0,0.0
475.607482654989,0.010695863634394323,0.4541303353493695,9.611396969524465e-06,0.0014129099015888918
228.232307506825,2.4021497502029403,4.141582939983381,0.0021585928559523845,0.012885471611695707
335.16758671733953,11.177602928954826,6.612349169740677,0.010044292129196336,0.02057262615478493
855.263924633917,99.42623070709507,4.695246244200274,0.08934528385687747,0.01460805278230316
323.198863441332,0.0,1.0786568284763751,0.0,0.003355963684298408
431.384813408476,0.22962184598149535,0.0,0.00020634020683530654,0.0
462.222133679102,0.9070224125429358,6.883584124870324,0.0008150583033961432,0.021416504054870316
566.8039749365685,0.027559385141326578,0.054613462251913464,2.4765105454179952e-05,0.00016991576111385806
493.82102215620796,0.024697597903680278,2.5547532364450976,2.2193478316480847e-05,0.007948458543542565
373.2193388043315,0.0,2.4504121196300677,0.0,0.007623827957089046
876.5729236620095,0.7574170980348285,0.005902667554584018,0.0006806216542728205,1.8364634080749545e-05
276.14401770196,2905.796481518811,1135.3642851938407,2.6111742306357746,3.5323943713794446
327.160089572074,0.0,3.6086819312925815,0.0,0.011227486991120451
389.304996758971,0.002548443776707448,3.9355751220800292,2.290053952603191e-06,0.012244531196437076
332.243623501069,0.0014688721226239457,1.2777872542082112,1.3199413858090214e-06,0.003975506860174719
544.3403761564946,39.71923122451656,163.22161046631763,0.03569204990568093,0.5078221198408333
119.035030392325,14.04873522697306,6.629546360889279,0.01262431682019352,0.020626130798192387
368.4252301827945,3.5253471622217756,8.61408786905113,0.003167907911853139,0.02680052199986996
211.01719553157102,3.154765904362844,0.02054440835696553,0.0028349003399078193,6.39186500666399e-05
289.1625993659675,1.3808048768482006,1.5593969130184,0.0012408033855411925,0.004851662986168555
195.0162320100765,3.5143955302101357,0.02131066481516888,0.0031580666791742244,6.630266023437962e-05
583.811858893822,0.0,0.0,0.0,0.0
667.076354496674,7.99899502082719,0.0,0.007187967155377195,0.0
779.957986566209,41.52661942808054,0.7224798489183364,0.037316184813929766,0.00224781049134242
529.2931898842719,0.0,0.0,0.0,0.0
185.16466868314802,0.0038236074842863954,0.7751338225108777,3.435927255929567e-06,0.0024116298067591454
802.2491711116274,25.908261297881012,0.0032514341169179854,0.02328139107190502,1.0116002170661279e-05
854.5819641483705,0.9801901100847705,17.666788231268715,0.0008808074388057679,0.05496567412091144
858.2104119986129,8.105378155249852,0.6647699093216057,0.0072835639739931785,0.002068260836255872
728.5213737473905,16.616279384694586,5.19923734254443,0.014931534542873692,0.016176091641929864
440.33717742992803,0.9884967424304245,4.867099364975516,0.0008882718515622319,0.015142729629590826
508.3403398096385,135.21170963600264,516.2508834556584,0.12150242941212376,1.6061820322515161
95.06011991305795,6.078054908241052,30.50402663588731,0.005461793504716783,0.09490544435667221
655.0088701173615,6.325567519238875,8.407982926985367,0.005684210510073291,0.02615927940772493
561.3037130692455,0.04468223694085357,2.1507676444532016,4.015185041663194e-05,0.006691561131953712
599.0971319523026,0.8723583293526567,2.6844511747977053,0.0007839088538972706,0.00835198036767503
262.164978638827,0.5487199549560946,0.6117203440039185,0.0004930845691808653,0.001903210738788405
188.070721845818,25.165317200938972,14.471870188204008,0.022613774983484387,0.04502550719870322
527.263617811042,0.0,6.743331403248495,0.0,0.02098014373344008
391.1896354730775,0.030902460014873696,4.968005127182887,2.776922188711386e-05,0.015456671992504077
547.2791822230145,0.48951842437067533,4.472848346450255,0.00043988555401857726,0.0139161188431581
256.675512757969,0.12749789927548635,8.90344246116184,0.00011457073169636926,0.027700774496653546
682.00719594828,0.34693147276515457,0.0,0.0003117556674194163,0.0
600.7943468122845,0.0,0.0,0.0,0.0
123.0440058432075,73.41741978202256,53.12621457433188,0.06597353800717148,0.16528857194325683
144.080616748191,6.646021066457868,2.441551891589258,0.005972172881125753,0.007596261633162315
858.610639939972,5.929226047714885,0.3428887114910668,0.00532805458395875,0.001066810159766302
545.8756949820336,0.019468703526463866,0.006381579032150404,1.7494747920411502e-05,1.9854644141666415e-05
589.1487103493305,35.384979975046704,5.1201893013146496,0.03179725367900192,0.015930153963996854
770.509465015019,1.297560778865785,8.72354812870211,0.0011659995082267736,0.02714107948447926
506.42059007218097,0.0,0.004261036941637433,0.0,1.3257122057798551e-05
271.1522316624745,2.1396713687266566,1.6977836353009947,0.0019227274778472999,0.005282217729909881
530.113964004462,0.8977372262202683,0.0,0.0008067145534444162,0.0
597.3044504714555,1.7941235330844545,1.3741908127629086,0.001612215158894641,0.004275441772748988
628.3825869776019,6.146512651453976,10.992802097760439,0.0055233102338139405,0.03420128038393203
506.3274555831495,5.441606481645506,12.257369506641279,0.004889875360681334,0.03813565709069794
282.65076007540904,0.01640777215170678,3.002073525077061,1.474416811265682e-05,0.009340180733832887
410.11207509808605,0.0,0.0065222224946772656,0.0,2.0292220153066473e-05
553.291625291513,0.007334836740622706,0.0,6.591148693601486e-06,0.0
385.2746297685075,3.859091962637926,9.419944863817404,0.003467813919723254,0.02930773906629648
426.5590677341815,0.7477512546528983,0.0,0.000671935842545543,0.0
478.3891680744565,1.5055468170409483,0.34098254709212755,0.0013528975882090137,0.0010608796188099363
379.247051978468,6.870596495538784,10.388395978487967,0.006173978333427614,0.032320825976842014
487.238509034295,6.021706422265579,0.0,0.005411158260490183,0.0
345.212614811982,0.0,0.559030473313126,0.0,0.001739279738770125
560.9695670834565,0.0,2.014182023767178,0.0,0.0062666100532430555
732.9411203065499,89.79635818088234,6.8521155435569385,0.0806917958563651,0.021318597646366618
361.1646535961665,3.63030973912924,3.837267882284436,0.00326222820501374,0.011938673468614928
510.350288518408,1.9639992645637991,5.281242287970373,0.0017648669826787408,0.016431228967830884
504.9339752521055,0.0,4.26327471420044,0.0,0.013264084312388619
280.13924146089596,136.15253993242445,68.89706009491822,0.12234786777680028,0.21435550726552013
365.2067423996215,2.6596659709465156,148.7794432627031,0.002389999192856225,0.4628890258498954
738.802185752957,0.0,0.0,0.0,0.0
269.088598527378,0.0006714955449497094,0.0012264296890066911,6.034117922955634e-07,3.815720986502791e-06
420.7614279221915,10.272323073076532,2.148002280156162,0.009230799702518356,0.006682957411187554
480.30934375827803,701.7538989021898,2356.8667023581015,0.6306022148198813,7.332785417043479
825.5464707432395,1.6043083638052291,0.030335182689088747,0.001441645581239079,9.438012978134989e-05
248.149421425035,5.074101806880221,2.6058084179654863,0.004559632433315782,0.008107303628053557
579.889412965961,0.0,0.0,0.0,0.0
525.2851850166201,1.3347304981376276,4.063952270011573,0.0011994005443075493,0.012643943720400437
230.917899852914,34.01295336333162,28.2136241115234,0.030564338519580854,0.08777944515908866
803.1082063026824,20.589673199457792,0.0016648001182171988,0.018502061110465345,5.1795979878460325e-06
769.5004907995656,13.551201343417429,97.74801153247418,0.01217722850417713,0.30411783271119397
147.0442342661975,1.863912247398916,0.02967463023791558,0.001674927910309315,9.232499048292936e-05
589.902626419231,0.0025776761152007666,0.31156655468180006,2.3163223886276845e-06,0.0009693593135001379
389.543090384465,1.1027257160541575,0.0014833223320789685,0.0009909190101692804,4.6149764662384184e-06
771.036359753405,0.051953557357015165,0.3965449551303348,4.6685922783411374e-05,0.0012337477810147588
118.06500327478949,20.00409444555295,14.326586930327615,0.01797585490093586,0.04457349565573785
241.0315633286595,4.997518612925077,0.0,0.004490814102841746,0.0
308.929934029952,150.68943802607262,144.72559964461976,0.1354108520349656,0.4502765326037077
501.251761242028,0.19152339622026773,2.9954827673790483,0.00017210460538269145,0.009319675283996923
142.1225070667015,5.555849573081453,21.330547641242347,0.00499253520567839,0.06636452054108906
503.27689253834797,0.9926740819997176,4.3667506543270935,0.0008920256455754493,0.013586023123784456
118.064919381897,20.044788632823785,14.28314306651606,0.01801242305490469,0.044438331231420325
597.6378280856491,1.801280270323649,0.572221831668611,0.001618646265812579,0.0017803212622823858
160.04259736551052,20.283731774598447,0.42531695942128617,0.01822713945997895,0.0013232644826902127
216.1231508171955,13.711450915909282,6.27141605629294,0.012321230176979217,0.019511900336063197
312.11161390371296,25.890886924963446,2.5462396204275883,0.02326577830785759,0.007921970613904017
543.6145815835284,0.0,8.880746145416488,0.0,0.02763016073943443
416.0944380000685,36.702645837756975,0.0,0.03298131979209019,0.0
506.361867135384,11.323139741937158,32.25636435032081,0.010175072787127924,0.10035739309237161
501.586928144659,0.0,0.8076658594766825,0.0,0.0025128448843920455
491.934340716309,3.304272057476376,0.9545842838910279,0.0029692478817313584,0.002969943828071224
681.6726844575014,0.0,0.006138801878236677,0.0,1.909930538108707e-05
771.8748487367965,0.11364737478821496,4.899800445623498,0.00010212452878712444,0.01524447064322438
412.2555575151615,0.0,5.718654808075278,0.0,0.01779212568101723
398.203752818633,24.11417663029843,1.7874001152113088,0.021669210837891594,0.00556103639044577
264.1082864602285,6.643741481538391,8.820354585411561,0.005970124426102786,0.02744226791118345
600.5460669553866,0.0,0.0,0.0,0.0
499.934368637449,0.545892639544208,0.0,0.00049054391872845,0.0
630.347209803301,0.0,0.005240352102428367,0.0,1.630400965757349e-05
629.7097897068854,0.0,0.0,0.0,0.0
709.933991767808,43.00985273982035,1.106687799843949,0.038649031290366835,0.00344317485235643
590.0055093493211,0.0,2.520967349282933,0.0,0.007843342433057097
597.9671224611,0.007590784850492664,5.741258100550619,6.821145912306577e-06,0.017862450020223398
528.309388951544,0.0,3.4813771625715026,0.0,0.01083141089964526
468.3447981689555,2.112161640174964,30.014499660245416,0.0018980069942405409,0.09338240689993153
555.0201030394865,4.9504694156825995,14.148147436694583,0.004448535281116611,0.04401832700091839
818.7754220298325,0.8468375366978478,0.0,0.0007609756455499317,0.0
287.0494522255675,9.040752943700436,0.12648981870675674,0.008124099971308427,0.00039354058381382823
539.293165185223,15.037137019926035,25.61217847514058,0.013512503349321681,0.0796857152054118
692.8692847108771,0.03017995636223869,5.365106492704202,2.711997376141076e-05,0.016692150901544356
715.676527451071,6.4587588927052,1.0455145212989925,0.005803897447665173,0.003252849907641317
752.523700450476,0.20796643452981933,0.09399314793597036,0.0001868804639744178,0.0002924355390134288
386.326648412672,5.045156561227707,0.8048351551642484,0.004533621981438656,0.002504037874949632
343.19673970981853,0.005002077466983242,0.07163386182501243,4.494910729124288e-06,0.00022287036294051243
347.219557063649,0.0,2.339693565357364,0.0,0.007279355611939141
629.9101788723175,0.0,0.0,0.0,0.0
625.2876654030395,0.0,2.964518265799831,0.0,0.009223337190120452
397.2099773349005,0.0,0.05820021944266275,0.0,0.0001810750349058326
181.01870489052152,5.161105104022053,0.0,0.00463781435999991,0.0
264.2685902261645,0.0008242377284929186,19.14080927714773,7.406672594749448e-07,0.059551712024040415
626.3672345232594,8.471990320680339,13.075556016258782,0.007613004884634418,0.04068123427592534
631.507336203976,0.0007956412782472487,0.0026222408040024164,7.149702382127668e-07,8.158428776785249e-06
358.700767556982,0.0034404089851491904,1.1774045795791892,3.0915817201946003e-06,0.003663191949913972
738.3942761072594,0.0,0.0,0.0,0.0
266.2840797412615,1.4745436487843417,4.792225153138266,0.0013250378690116795,0.014909777749824571
768.1233354568881,78.73671329299194,71.04644816204916,0.07075350185851853,0.22104277619696025
545.3023112425295,0.09403679979479662,1.4043047925724217,8.450229392090304e-05,0.004369133686583319
163.05991622642648,8.663592378169527,11.075363576176343,0.007785180175723993,0.03445814921929381
240.099881608908,8.337453157780969,7.669730502737799,0.007492108608842225,0.023862396599204923
553.6192562603544,1.4391431411682947,0.0,0.0012932266620581448,0.0
618.3358089347284,0.0,0.0011505881274460406,0.0,3.5797594465220523e-06
779.3998065219835,11.991020419924325,1.1744013212905227,0.010775236228233098,0.00365384808309252
240.0999842689615,8.337087737121443,7.668884996399168,0.00749178023862925,0.023859766023388424
548.371668968749,28.700029169148177,34.931294973252236,0.025790098192219058,0.10867975270813166
710.077458765066,42.87121203282474,0.44688758577926546,0.038524447533821414,0.00139037594649766
524.7976012229165,0.005223106509351821,0.3450857596605087,4.69352936718984e-06,0.0010736457108652703
624.9521760587145,0.0,4.277605417879053,0.0,0.013308670616249317
558.9516919388891,0.03755249814634125,0.5389111533117905,3.374500453812638e-05,0.0016766836419441922
461.238243561724,0.0,1.716901563362219,0.0,0.005341698252907288
412.3207729056995,0.0,0.0,0.0,0.0
790.5717741837275,75.61522785491304,57.628772368724825,0.06794850763780966,0.17929712410324386
318.3005043637375,0.0,0.4414560697466323,0.0,0.001373477179368963
260.180140142142,25.744170413389032,69.36578183910281,0.023133937562413626,0.21581381458810617
229.154588236486,15.488270226081568,9.181821849209882,0.013917895609237181,0.02856688046481959
640.332456232525,0.08424798923953847,0.28251281201469425,7.570598281204463e-05,0.0008789660552277329
774.6037233990235,1.0090247271112145,0.5677106594361464,0.0009067184788282088,0.0017662859085108334
600.796715369928,0.49868084237255944,0.36548118388392237,0.0004481189832793657,0.0011371008350647973
362.3268825696835,2.8143300876199118,13.824483927761026,0.002528981726020602,0.04301133112119278
746.3955393367964,9.184489229842287,0.0,0.008253262660012873,0.0
652.3554913281985,1.8482981973778914,4.41868194759034,0.001660896987872019,0.013747594004966637
633.1507619886625,44.71033844134111,47.543651712524735,0.0401771026716959,0.14791986139979219
534.5372286292285,0.0,0.0,0.0,0.0
661.8313471564336,34.947727892639875,0.0,0.031404335118760646,0.0
777.8832403261915,6.993530153106421,0.0,0.006284447597452131,0.0
421.721505309182,0.0,2.280462467340394,0.0,0.0070950732631157
532.342041058534,0.0,1.2226767782452854,0.0,0.0038040447685498756
504.302495934272,17.400988190195058,16.447419944055486,0.015636680765091164,0.05117192287246943
284.0992357109095,1.6494063737560152,1.8259044921003715,0.0014821710489328445,0.005680832869840202
273.10826275677846,9.31291716556711,11.156358716034989,0.008368669130628162,0.034710144794526235
755.9479769051995,61.74616178003388,1.8179418429754695,0.055485643095148855,0.005656059132180071
805.5866124723225,10.167724956772004,10.363900171203477,0.00913680691685545,0.03224461356387241
184.0057103367355,7.994406023574107,7.380719529560613,0.0071838434421550475,0.022963213184479414
414.3214536421925,0.12544497268368723,0.6507588768257941,0.00011272595383667179,0.0020246691071775093
385.1678335560845,1.5278830698295294,0.5547404350697448,0.0013729691410729035,0.001725932386610518
258.279491234546,2.15218410175928,13.038952770257541,0.0019339715296098428,0.04056735267701022
708.3631989075825,0.4020408611759876,1.1564640575579705,0.0003612774476953876,0.003598040893917111
430.23033122304753,0.10622975329879857,0.07169763149843188,9.545898899142251e-05,0.00022306876590103282
599.6989282977765,0.40236602987652215,0.973986779950621,0.0003615696471446076,0.0030303097113083535
394.7479601635565,1.5630283930111912,17.15800172917165,0.0014045510370532285,0.05338271559413811
533.8619896994489,8.899109613974668,0.0,0.007996818031615232,0.0
504.7773048447005,0.0,2.5194565187539033,0.0,0.00783864187190113
537.3075845257506,0.5794517112894999,0.31316020451212795,0.0005207003952410657,0.0009743175456411454
317.21882465857004,0.005433267988777523,4.03689949448234,4.882382317779776e-06,0.012559775957457872
828.089155392945,40.28192299963514,0.0,0.03619768967512974,0.0
443.76925802965,0.043875426569279626,2.810517950489967,3.942684353309328e-05,0.008744204761801776
273.963144926697,55.3442733663686,70.21990472106046,0.04973284995926098,0.21847119856612912
526.0415800817409,10.761359976274386,0.6152948894139391,0.009670252557383371,0.0019143320187610623
466.353332552641,0.29049441029217027,2.7632324142215867,0.000261040827574469,0.008597087960313195
276.0899276874145,26.103736290908074,1.877126620554193,0.02345704661687257,0.005840197366856648
326.0902772814045,22.279174843057323,19.62821546447494,0.02002026212090845,0.06106815119263395
396.08620970284903,0.005125156626026224,0.0,4.605510742052027e-06,0.0
351.05724268296547,13.53966409288921,27.303222843165873,0.012166861029557597,0.0849469654360773
262.07433705972346,1.7849750075038489,1.0586839835470698,0.0016039942134855858,0.0032938233070390795
566.8867118320575,0.7499124686499218,1.486075109761333,0.000673877928418318,0.0046235410269857054
274.1722366192115,2.4816085706859408,3.7109235087263857,0.002229995249671809,0.011545585400025805
312.165494939158,0.5851911715692246,0.5744866097347182,0.0005258579246398009,0.0017873675375593774
487.032554206836,4.481189348610382,12.246505049505439,0.004026836092655374,0.03810185512269946
586.067305492068,0.0,0.445770105169248,0.0,0.001386899192588427
319.17285004013604,1.146126596098014,1.2858577453905249,0.0010299194220282,0.004000616120698803
276.6333495891925,27.92982297375083,34.940343469563004,0.025097984142770424,0.10870790478042636
339.2893106540845,4.783660871379964,12.650713500813135,0.0042986396586588245,0.03935944590381121
622.409221350086,2.248858598237183,4.425600849257263,0.0020208440809286626,0.0137691203904828
594.5521443928706,0.001128354121986419,4.065773914005952,1.0139489207525627e-06,0.012649611297825866
216.08694248196548,1.8441916849544435,9.502883451237306,0.0016572068397539073,0.029565781179469168
570.325445013669,0.0,4.651629386180411,0.0,0.014472350130937553
554.278042752518,0.02809295711780608,8.004462778622704,2.524457791690537e-05,0.02490383010444593
217.104661118231,2.6992048900610177,3.085694631150164,0.002425529212716741,0.009600346328499905
535.8080118893649,3.360650733982887,0.01149895103464843,0.0030199102554342152,3.577603280397806e-05
315.017876146043,9.816643091241898,4.602448989492906,0.008821321670057785,0.014319337957922538
671.3778562136235,0.0005825403145864807,2.783564950499592,5.234758412810848e-07,0.00866034742482245
574.130506480742,7.424052393083762,0.9439697318726932,0.0066713186621995295,0.002936919375661328
369.299188067538,9.787681127802832,1.4780787108760327,0.008795296195430886,0.004598662285614238
394.295504918702,0.0016857784109112306,0.559488225783398,1.5148552808601214e-06,0.001740703918014232
377.689970518552,0.00020538375559697757,2.410799648972657,1.8455964600993413e-07,0.00750058392853236
431.7116836557255,0.0,1.057972897847957,0.0,0.0032916109465184334
516.293917642297,0.0,0.8976744983707405,0.0,0.0027928836468854535
460.7992815292625,0.0,0.7037978846599063,0.0,0.0021896863577463704
247.14177520340598,2.0898476447972674,0.7488692944825077,0.0018779554420814875,0.0023299144734654684
783.3644734716595,0.9167904448966822,3.544672397539262,0.0008238359430306944,0.01102833776677591
832.5844463269166,158.50988158774314,163.46614716775653,0.1424383712814966,0.5085829329816226
261.1443394519225,13.207288852020032,4.092204318596459,0.011868185719920866,0.012731842713439624
792.0540897977305,5.145946323692529,25.232094546303415,0.004624192546904578,0.07850318167993019
772.397101081106,3.1020204952639268,0.05386163808739943,0.002787502852196826,0.0001675766533212054
590.342166301188,0.0,1.200389926349464,0.0,0.003734704952933669
563.9339600413296,0.010040931955993922,2.100039782353099,9.022869613137723e-06,0.006533734417751653
416.211996976838,1.077990497099421,0.0,0.0009686917252460149,0.0
827.921994474073,44.153786525668465,0.0,0.03967698023385201,0.0
379.103782799686,9.544692173703103,1.0694593038037858,0.008576944187879855,0.003327347948531688
545.7924605450476,0.0,2.4873394463938956,0.0,0.007738717850061472
454.3844960357435,211.81894378718533,84.64593529100361,0.1903423626173888,0.26335408756586093
828.2558829010866,32.788056623123936,0.0012254129352826347,0.029463635554468758,3.812557618428972e-06
384.115615820352,4.220157856428739,3.1237232219082904,0.0037922709019738675,0.00971866252154676
225.196268302644,23.635921926034758,31.014865511930154,0.021239446961654498,0.09649478831785509
486.2885357845915,0.0,0.02482390707694132,0.0,7.723321120609578e-05
557.0575191924885,0.0,0.7310150804683584,0.0,0.002274365672158743
559.2856751655395,0.26720797818160236,1.0381579192082881,0.00024011543522944743,0.0032299617296736214
567.289899458099,0.0,0.0,0.0,0.0
333.279096858208,1.522492399213666,1.252260073994389,0.0013681250371284212,0.0038960855952288173
534.7872048879915,0.0,0.0,0.0,0.0
676.0833326183165,3.870711164719636,5.809199673332804,0.003478255036728273,0.018073832774118535
416.2536931197435,13.949094899836172,19.802864840819332,0.012534779147405108,0.06161152787094697
438.29210283386647,42.48123536348282,67.4879339958987,0.038174011074829435,0.20997137332220997
126.0218366487365,8.851048697550734,5.354340889969071,0.007953630070150939,0.016658656493624358
246.0976111193715,5.651947233109021,8.548525841886029,0.005078889406698424,0.026596542591010287
675.5452917268715,1.5862594313389413,3.858330933943555,0.001425426652058663,0.01200420574411014
738.3897530851375,0.0,0.0,0.0,0.0
439.1578417629915,1.1415532793440604,0.012257667042446829,0.0010258097994402418,3.813658279693911e-05
764.5241263576274,11.964081188241316,15.852516728932413,0.010751028398121393,0.049321034310955886
377.1633471592425,0.6366585697194277,3.088817193770372,0.0005721069804915851,0.009610061380107346
452.313917748854,13.371395009764317,8.5527879568551,0.012015652954090876,0.02660980306707357
416.249719672918,13.780302648949267,16.802608945585135,0.012383100948794128,0.05227700222553805
365.20819459331,2.8142281839448002,157.3290775354625,0.0025288901544834514,0.48948901703888364
543.9487544407059,0.0036351305346467517,6.514971230953447,3.266560214191448e-06,0.0202696597083727
664.971446582072,0.004168157496637015,3.5103957950503712,3.7455429221117097e-06,0.010921694921584513
463.636315562298,0.0034504850904815143,0.011068878029927731,3.1006361969125234e-06,3.443797110786062e-05
396.87049112662453,0.0,0.0,0.0,0.0
200.051349572891,8.916469600614235,4.43825085738716,0.008012417868026945,0.013808477641806172
671.044124925334,0.0,0.003188145880400992,0.0,9.919097077412736e-06
455.7457352025805,0.0,0.0,0.0,0.0
479.1486678744285,13.037163352286074,0.032005860831684524,0.011715309452190252,9.957801573236378e-05
387.205754001113,0.0,3.4885448234758747,0.0,0.01085371123563851
252.0538420914515,5.865209383492393,2.2122853012765593,0.005270528647434227,0.0068829575212334595
400.2391456281855,2.0873417550526976,17.764391894103188,0.0018757036275557797,0.0552693428497227
524.799754847283,0.1454029212779693,0.34099551103615144,0.0001306603416705038,0.001060919952792164
427.5592033932105,0.0028552013781081944,3.486989120752341,2.5657090264955653e-06,0.010848871066174125
370.29559074700546,0.00040232214333489055,0.419285109815642,3.6153021031298196e-07,0.001304497931836143
510.2276656597965,0.002625270016601779,0.007059415591022291,2.3590906862920776e-06,2.1963558502016823e-05
482.8122007489545,0.0,0.4875685163412157,0.0,0.0015169442136287483
546.2833787358161,3.2292755190925546,3.3445840375373574,0.002901855333884248,0.010405814224449932
530.8216465505885,0.06118031560942586,0.011239936658584963,5.497716875821824e-05,3.497017609697698e-05
349.1834781133065,6.579341017167463,10.120054640119987,0.005912253603395186,0.03148595082212667
464.3390808205505,0.03153762441309027,0.6835406583791155,2.8339986191974435e-05,0.0021266612009511582
199.18081437964798,9.610390365150836,12.01693829844375,0.008635981159532471,0.03738761713769209
611.915433401868,0.0,0.4437862961033241,0.0,0.0013807270801926557
738.3947929875385,0.0,0.0,0.0,0.0
535.557493448537,4.200398935607519,0.0,0.0037745153622443356,0.0
526.294054875789,16.80205069125162,20.092533795035926,0.015098470269982745,0.06251275842468362
756.8070359150245,43.19630760789977,2.7640006802007733,0.03881658127186143,0.008599478222589357
117.057113564453,0.0,0.0,0.0,0.0
220.11808342452701,18.87887740103671,3.190557291755225,0.016964724985540944,0.00992659956450508
858.009759629427,3.5597282712125087,0.0,0.00319880307825184,0.0
746.0615311136795,6.537308861907821,0.0005814265864542145,0.005874483139644506,1.808959492688799e-06
570.3515594790445,0.0,0.7271728933019714,0.0,0.002262411693601091
646.572904250209,0.0,21.725921767159605,0.0,0.06759462558771799
553.979792943864,0.0,0.015052424950880515,0.0,4.6831754235623094e-05
636.405284048853,0.0,0.0,0.0,0.0
655.4149296549544,8.898040504849867,0.00030562875435309763,0.007995857320769111,9.508853728160672e-07
583.5468365159115,0.0,1.7728898113653229,0.0,0.00551589130679201
787.034693425798,14.737502167886657,6.831107629947508,0.013243248840541823,0.021253236918751597
480.261511383061,1.4426522785918885,3.970766718125721,0.0012963800037565484,0.012354020809077514
523.9316882072619,0.0,0.40892284218337754,0.0,0.001272258397497885
510.4789991955425,0.0011081483641064845,0.10005228450474339,9.957918493189249e-07,0.0003112869862450096
533.330050514278,0.0766532064816779,2.439201013376106,6.888124434507638e-05,0.007588947479391379
318.17406244873996,0.14879121979637944,0.0,0.00013370509646776666,0.0
632.52194415899,0.2656531870467927,0.5135398098180884,0.00023871828626493568,0.0015977472229285223
383.1158693286305,4.011408263201127,0.31063284082325043,0.0036046866847176283,0.0009664543026402478
506.45715367867103,0.0,1.5202118426960818,0.0,0.004729748703982875
421.589713593917,0.0,1.0327745661654812,0.0,0.003213212809317797
317.0956330249955,0.0,0.0,0.0,0.0
310.913655135506,2.9594212705656577,2.2307766276925944,0.0026593619368887665,0.006940488534145486
526.5271335547204,0.0,0.0,0.0,0.0
524.275089575758,0.5913346963541835,2.09329035892085,0.0005313785499505495,0.006512735320234627
128.0529877975785,3.4549911104384834,3.510179716677363,0.0031046853460078585,0.010921022649223523
444.228132981385,0.13858803550723375,1.6955387420771637,0.00012453642548351397,0.005275233321212496
147.076521013035,0.706261319571475,4.9596275340017355,0.0006346526226076011,0.015430607262985344
601.8242336844175,12.839997359513461,55.729772623587955,0.011538134360004695,0.17338887412704593
386.290186452044,0.0,0.0,0.0,0.0
506.2680863752755,1.5376768448169797,4.186294727530378,0.0013817699132641166,0.013024580855068078
515.2598067754245,2.3732857772797065,0.3298504702147702,0.0021326554364633488,0.0010262450207200143
226.18027771618,6.7770929719696955,8.665353812839298,0.006089955246205196,0.026960022817045886
393.2077838920045,11.348897537909655,28.325662846802476,0.010198218968737382,0.08812802490837036
266.28428545952147,1.4737070923776379,4.78950636847731,0.0013242861320798085,0.014901318949632779
442.754903365762,0.0034281241679990277,0.07202137715579439,3.0805424756450952e-06,0.00022407601736449648
613.3423371968075,0.048945896416377366,0.0,4.3983212255460606e-05,0.0
545.5530994768925,0.0,1.902475293202596,0.0,0.005919063251359851
388.3058215940205,0.023443478116638848,5.095889702136922,2.1066515264911123e-05,0.015854552002158212
286.05611305584296,65.49989966721884,55.382928726322945,0.058858784917681234,0.17230975842257662
578.299527350041,0.22362466530110936,0.7168625689814689,0.00020095108762180073,0.0022303337675364868
707.325280903603,0.03581985277940358,0.0700447383507754,3.218803419909791e-05,0.0002179262133939522
515.2633464824464,2.013547939244476,2.2494187068797036,0.0018093918567747798,0.006998488575586028
389.87668285308,0.3013770325737148,0.0,0.00027082004750402823,0.0
611.3130363026235,0.1960566618397941,0.027641982120606867,0.0001761782376696117,8.60009279223826e-05
550.0627339116211,2.4677497706262064,0.012162875996341239,0.002217541610260491,3.784166480269959e-05
709.790723803863,31.97264060847724,0.44429208024983374,0.028730895564509005,0.0013823006976611306
376.3188996510515,0.0,1.2822413325618927,0.0,0.00398936458100618
274.8733080793315,0.9322068362262393,0.0,0.0008376892476324317,0.0
323.1805994003555,0.7325538406045833,1.5563436861171476,0.0006582793128513091,0.0048421636548427625
343.285554926226,1.9677338116693106,4.1860143619608,0.00176822287949637,0.013023708569606204
847.134399555081,29.662099767072892,0.0,0.02665462327831191,0.0
394.7435048193465,1.5567081616800402,17.08593700474504,0.0013988716216886215,0.05315850471287359
160.0425854168165,20.293601621879745,0.4073736384893548,0.018236008591401315,0.0012674384480946396
554.4447308512285,0.11633572600505292,0.21788456016340257,0.00010454030479378975,0.0006778918484302032
575.996320390291,0.0004333953652957412,1.290382079768058,3.8945288038400826e-07,0.004014692425104228
583.5094873296215,4.2564993234281205,3.699728016797275,0.003824927663290712,0.011510753502289597
336.32668967284496,0.5191162189187604,1.2844803697007998,0.000466482392062519,0.003996330769999376
538.8683191325056,0.400793436649414,0.6107484164699133,0.00036015650106365746,0.0019001868358919682
276.18076320218404,0.019261994709302913,0.024101467710453222,1.730899756244639e-05,7.498552666543772e-05
217.1045829458675,2.6990504219644613,3.0857514193880666,0.0024253904063289747,0.009600523010516896
480.3443291867445,225.4369024794463,706.2244085072757,0.20257957986135364,2.19723586347968
499.93197804304054,0.5530174099670491,0.04046893655803352,0.0004969462999845504,0.00012590870223551482
792.091339358298,1.659541615582036,1.4429089862470514,0.0014912786662232113,0.004489240720269536
634.3311157124069,0.0,15.690018008979989,0.0,0.048815461279284995
396.99025133957605,0.0,0.0,0.0,0.0
504.3100856203635,6.1529899802393935,11.378616623832599,0.005529130818330237,0.03540164319088879
770.3877786508331,0.0027229741758557136,0.01830665404132665,2.446888501621684e-06,5.695645224856842e-05
655.877552567151,0.4038435040485967,0.08019911419888295,0.0003628973184075773,0.0002495189458398231
478.7655739230605,0.0056028265337405726,1.0102701780420944,5.034749114975496e-06,0.0031431961856005744
361.18335132473203,1.299841977642845,0.9166029304917648,0.001168049413476333,0.002851774601934236
782.8291607301005,0.0,0.0,0.0,0.0
218.211562387465,6.5542526993345716,4.020513912199936,0.005889709020719869,0.012508796426587514
737.5010362375325,0.0,2.2839757327947185,0.0,0.007106003886245084
556.8069462371191,0.0,1.4621528399049655,0.0,0.0045491130284188615
300.290136247379,0.0006921440033386672,2.3918138582412336,6.219666782934362e-07,0.0074415145168990554
552.2718729267194,0.8753908551017648,13.762998821855074,0.0007866339081604212,0.04282003600573231
264.1232132575725,8.065519866001411,0.027174745879900503,0.007247746965326296,8.454724236233886e-05
347.209481386854,0.0,0.0,0.0,0.0
494.023276745419,10.724897003287847,1.5420430153700329,0.009637486609719668,0.004797670790734892
733.5148445541324,53.98208685857542,1.4730056867965504,0.048508777203618396,0.004582878874124262
570.9346535400246,0.0,3.4561329188115146,0.0,0.010752869918807301
682.0876267062365,27.142404266959005,0.0,0.02439040277946012,0.0
478.8367393148535,0.8852911077877775,0.0051882052512499666,0.0007955303621464165,1.614176812330126e-05
579.2942552894385,8.685375643538263,15.829590066412575,0.0078047548092372845,0.049249703888909216
516.3131321033725,46.622725995830564,2.6179807245151885,0.04189559091856079,0.008145174633600937
599.5048313514465,21.715651759831673,24.080956787406528,0.0195138753306959,0.07492171219631377
642.3618441637665,44.944815189157055,132.56244107741713,0.04038780553594476,0.41243398865434716
546.280895817259,1.8430565933483292,9.826213179127878,0.0016561868364707633,0.030571738585206405
433.9642063704895,0.0005899647771199223,0.0,5.301475284990109e-07,0.0
472.2673032777705,0.21287946380424744,12.119558067897463,0.00019129535521588578,0.037706892193934215
284.286285785129,1.5499212710074834,7.922143635873844,0.001392772862142647,0.02464771523427172
477.3051870989465,0.009884375450368332,1.6925983067234336,8.882186562646088e-06,0.005266084911817931
603.294205667587,10.013689790848845,8.879867161132315e-05,0.008998389564357306,2.7627426005588715e-07
804.9862932178755,5.157555895549972,6.560021017146588,0.00463462501010552,0.02040982054772245
520.248388029413,0.015707990640868176,0.0462160871236153,1.4115338303068071e-05,0.00014378948514728773
790.2299116501895,2.33400301119029,0.0019398970048669641,0.0020973555979601505,6.035491295974651e-06
583.2405052867035,0.0,2.4799282865104617,0.0,0.007715659929534083
389.73061030516203,0.0,0.006050261402611334,0.0,1.8823834431527634e-05
710.220352379893,29.512785453178182,0.4162726620508501,0.026520448124894715,0.0012951254743199117
397.207310018442,0.0,0.027001525507389726,0.0,8.400831166243504e-05
314.23307257527,0.009379558410972157,0.004397525582750632,8.428553538846654e-06,1.3681771409476173e-05
504.309955209489,5.969398568779359,11.252040819092114,0.005364153964094415,0.03500783508361529
806.5667949723465,147.90864214710808,134.25168289114373,0.13291200444326673,0.4176896307002725
145.0493110938255,2.010749321105201,5.270162970281815,0.0018068769939434902,0.01639675851640647
708.965404460133,0.0,0.0,0.0,0.0
441.7565265672665,0.0028227765611021816,4.1857542706898885,2.5365718012502077e-06,0.013022899362417467
567.0884652962416,0.3889390144953909,1.3716807959809676,0.00034950401323647007,0.004267632500193719
203.0569812540815,144.63999174200552,235.8020204103567,0.12997476649110984,0.7336374241464148
437.2335513704495,2.3816910762376633,6.244632949602666,0.0021402085119039023,0.019428571578452482
360.2747565604225,0.005459544913861974,0.0,4.905994993367091e-06,0.0
655.6784111338585,2.6955990282041156,4.083193897782852,0.0024222889535933444,0.012703809103275187
600.3040387830445,0.002816296951858366,0.40005241147739135,2.5307491674939726e-06,0.0012446603305988654
566.2578524807765,0.4796870891336176,2.3299423567814292,0.00043105102985729513,0.0072490172309129155
694.166072538828,12.511361726464795,0.0,0.011242819494788524,0.0
298.686335181969,0.06037976715735208,3.424588916480571,5.425778889052088e-05,0.010654728857178273
632.7216167980534,0.004893123541977874,0.43116556113490223,4.397003775519631e-06,0.0013414609047928247
736.38078488322,0.0,0.09117166008300076,0.0,0.00028365720421752346
396.3114187658365,1.9665273279693731,7.260402301350438,0.0017671387226509073,0.02258887703065453
202.0895180607805,183.3715954401306,148.54133622826836,0.1647793256303927,0.4621482169666219
666.8263153513225,7.409929998908479,2.972935117119228,0.006658628154801673,0.009249524061253447
456.1257262676735,24.35098000749976,0.0,0.021882004431733527,0.0
422.326926545555,0.26852114638003904,1.75702039180627,0.0002412954597019308,0.005466517683666384
310.31065822664505,3.6757672994371244,8.31628452465873,0.003303076767815178,0.02587398338030251
637.5922991007405,0.002702365100150992,1.353197610154092,2.4283690052496384e-06,0.0042101268146340675
618.4549204786381,0.0,21.168094176527024,0.0,0.06585908830946526
174.9380751164805,5.300883364579795,5.7108539569505705,0.00476342033216376,0.017767855336279215
447.237511098409,0.0,1.9890158033465288,0.0,0.006188311821986275
571.268412801639,0.0,5.219945255327104,0.0,0.016240518994023338
250.86295678800002,17.413620293897655,12.125460805117006,0.0156480320843858,0.03772525704475959
784.3097573479955,14.803405359488256,9.08089971253684,0.013302470027132564,0.02825288715696195
832.4676416836764,0.09121120050434683,3.268380633478216,8.196318559027804e-05,0.010168726904469185
528.8884104833226,0.0,0.0,0.0,0.0
682.2130154334916,24.639343333132313,0.0,0.022141130247922344,0.0
516.5440498714155,0.0,3.4118712446288386,0.0,0.010615161087562866
386.761670406983,0.05468760139813215,4.580958343582038,4.914275876314815e-05,0.014252475332734448
250.09346008597151,5.355599192323055,2.0231112656139687,0.004812588455368463,0.0062943910959018905
412.558379039899,0.0,0.0,0.0,0.0
137.4758275261675,33.02199970654548,28.666282754526403,0.029673858863207336,0.08918777626792486
333.2131403021615,0.01118737599979468,2.764204538346687,1.005307429645874e-05,0.008600112474852335
441.5054300383475,0.0,2.334421396955895,0.0,0.007262952614038663
502.2901580703305,695.4837017296608,950.0806580039225,0.6249677605895027,2.9559319528150865
690.9968780680495,1.8597012043418053,6.547710315616472,0.0016711438300460344,0.020371518961738277
383.889795052718,0.0,0.0,0.0,0.0
343.195516769486,0.005257885379501115,0.0,4.724781965257891e-06,0.0
435.23658249138646,2.2649887002053144,14.69517335285352,0.002035338732176467,0.04572025764330126
548.3288981409539,16.830586484002378,15.727791771143455,0.015124112783887434,0.04893298463860862
594.3008919625755,0.0,3.991393742247606,0.0,0.012418196496878026
417.3369741809505,0.7565688520380258,18.632111062403688,0.0006798594129726543,0.057969028180690656
223.063752447279,2.3725814752626757,4.279553233991851,0.0021320225444872065,0.013314730745815712
374.31696586257647,0.17309331827527702,8.042294101718234,0.00015554317552872769,0.02502153254982598
414.2170746467595,0.0,0.0,0.0,0.0
353.23293417499804,5.0217080517002834,0.42240759501816083,0.00451255094490384,0.0013142127425783267
97.0282327437238,11.308425347230116,13.28705397570159,0.010161850302854575,0.041339255856520034
347.213952395794,0.0,0.030475907006960384,0.0,9.481795735338869e-05
506.25705230773804,0.02134607946393392,1.3799371011970318,1.918177442082739e-05,0.004293319873360154
534.2817692979285,0.06308310263275274,0.0,5.6687029883489585e-05,0.0
702.3466367826225,15.473959758035395,0.0,0.01390503609700769,0.0
291.1532491715165,0.34893842028913374,1.4192246918131326,0.0003135591280850833,0.004415553121109073
391.18642942941653,0.0,4.89593089985436,0.0,0.01523243154540093
445.2419153280715,1.640845557624182,0.8650450391489279,0.0014744782243944347,0.0026913654649244915
209.11732859252152,1.7231908468578618,0.41457551665605596,0.0015484744242758688,0.001289845242311416
604.2924258935834,0.13704947812459478,0.10794995327996215,0.00012315386431123207,0.00033585855423636933
626.9197810021094,0.47412059448874544,3.4005479419980134,0.00042604892889664385,0.010579931539654617
425.147690052357,0.0,49.28634742600103,0.0,0.1533418115259226
740.5222479065975,6.829764078053397,14.874611266512336,0.00613728596457435,0.04627853262560111
476.3128390640135,14.845448958750616,23.61448442940069,0.013340250774564563,0.07347040326110044
91.05433223775495,4.951095408848228,5.978719941723239,0.004449097804071346,0.018601251550370484
597.9719929035809,0.19930299296256443,0.8238036933293378,0.00017909541931870578,0.002563053609653862
526.7784055432276,0.0,0.0,0.0,0.0
712.3829289812679,2.9256024850161495,3.9711072829702125,0.002628972079271444,0.012355080389121961
196.0566686733155,13.78371602445231,0.0,0.012386168237989954,0.0
537.9567107309585,0.0,3.4136433610722543,0.0,0.010620674572733912
539.788169756437,0.30561133563188253,3.9127605111201493,0.000274625029408477,0.012173549394040382
523.9311647870679,0.0,0.3688146370816549,0.0,0.0011474720185399908
604.906725879952,1.1978746968624754,3.214328487118953,0.0010764207197136726,0.010000557533589386
457.736813506506,2.817480952097292,0.5604793200886342,0.002531813120503969,0.0017437874533966446
495.626916167565,0.0,0.5817093848089413,0.0,0.001809839347136838
682.3396104748836,17.04920296195175,2.476561201026383,0.015320563470384024,0.0077051841078378935
303.2323898414495,0.005054349302126469,0.48266079851471255,4.5418826591208085e-06,0.0015016751100883825
241.031594571895,4.995713112435744,0.0,0.004489191664250079,0.0
460.276216391911,4.461927011795429,4.072552770827242,0.004009526787673787,0.012670701969773351
791.7583638094335,1.2894047890138935,0.3244490602515677,0.001158670464137817,0.0010094399208940392
542.7742189838809,1.7904326047020034,7.466448305890609,0.0016088984582445177,0.023229936253825936
746.7312842589874,4.238918598426887,0.0,0.0038091294694491662,0.0
509.743967061403,0.0,1.0975934877071072,0.0,0.0034148802358860315
118.064927356708,20.040920266355815,14.287272815683652,0.018008946906833048,0.04445117988528856
482.8140915126615,0.0,0.47679764694332105,0.0,0.0014834334198402241
342.26479112221,0.0,0.11976108779770313,0.0,0.0003726058657681484
557.3058339333966,0.0,1.059918382285277,0.0,0.0032976638216754336
907.5806070533395,0.015988648375572012,1.477504359563241,1.4367539807594713e-05,0.0045968753390183675
291.1955703965545,5.592513325531452,22.865374753726414,0.005025481575530764,0.07113974090329524
256.19799106254845,0.683535635271386,7.200746020302454,0.0006142311231683355,0.02240327183403224
524.2663884765379,0.005163277502890738,1.2055824833415356,4.6397664966965606e-06,0.003750860260380855
494.324220262736,120.89563966670357,112.8047736277277,0.10863788324532767,0.3509630808576004
314.030146190989,5.005646304046406,7.2992741738990095,0.004498117717442961,0.022709816878407545
322.6889757782355,0.006785804487598403,0.0049409744274586205,6.097783490634611e-06,1.5372572912758807e-05
489.2527008475735,0.0,0.0,0.0,0.0
506.657842516291,0.0,0.7313106263688643,0.0,0.00227528518732145
398.22991161166203,9.346710874578891,8.5442255367828,0.008399036454248514,0.026583163296153157
373.553839627828,0.0017022150469285537,1.0074291084453126,1.5296253862958401e-06,0.003134356927238087
300.28999952068204,0.04602275963566993,3.445840781094713,4.1356455879729395e-05,0.010720848575689145
473.245051572532,0.0,0.2268184388523337,0.0,0.0007056873174324531
472.7061039523345,0.0,0.3838425779016519,0.0,0.001194227596690767
383.5398359355755,1.094709846433994,0.0,0.0009837158793507838,0.0
527.43555140353,0.18783219493684822,0.0,0.00016878765950136223,0.0
644.378825140942,45.184897446824245,178.42719709638175,0.04060354556056127,0.5551303973038598
502.919021350624,0.016662404965362775,5.656122869336284,1.4972983394635993e-05,0.017597573614060717
908.7805657901455,16.56063738234094,0.0,0.014881534151032461,0.0
504.825625412008,0.0,0.0181978127034229,0.0,5.661782038001447e-05
343.5374955156725,0.33648247102187623,5.165168716449379,0.00030236610271264935,0.016070095861872153
667.4114570976195,0.03505649622417137,1.4807037999558303,3.150207529644021e-05,0.004606829576069621
623.3117871687165,0.0,0.0,0.0,0.0
176.0376982777785,1.369611726685383,0.0,0.001230745122531145,0.0
472.9082084005775,0.0,0.0,0.0,0.0
455.7465016819965,0.0,0.0,0.0,0.0
461.268537318821,0.0,0.1680729974360211,0.0,0.0005229159643880381
455.9965790101125,0.13528388599676963,0.0,0.00012156728772360377,0.0
437.68079181404255,0.0,1.7453373931237877,0.0,0.005430169033876164
311.2400579784975,0.8242847778452093,0.44975725109115416,0.0007407095384359977,0.0013993041730833045
307.1115224924205,2864.1856226855098,3285.2493177978877,2.573782347552707,10.221209483250682
524.275858534543,0.6431375376545287,2.171741454830335,0.0005779290379621788,0.006756815756120367
547.8004629199235,0.0,0.0,0.0,0.0
320.07995775679103,1.4629818644886106,0.0,0.0013146483481332582,0.0
566.6864810249755,0.0,1.0322511784547892,0.0,0.0032115844228805908
284.29527431818155,1.2165897161875068,5.587572071709277,0.0010932382003934723,0.017384295413531564
544.284771415886,1.9417858883395347,8.921928507244033,0.001744905847774379,0.027758289081163005
654.3370731633515,0.0,0.0,0.0,0.0
364.261712452149,10.62770562861093,8.181301568679057,0.009550149587113121,0.02545401858120426
802.0489190735125,7.966168371224763,2.6417639577486796,0.0071584688398326855,0.00821917005542526
236.9711466947175,6.480777778611783,5.272738728785795,0.005823683811862478,0.016404772327445048
472.90784499674,0.0,0.0,0.0,0.0
479.015774487449,0.20772096144876656,0.5044064714458157,0.00018665987970857662,0.0015693311863499084
326.30539969092,1.1508677378389214,28.792678041586072,0.0010341798536229062,0.08958102274079786
370.295546689805,0.00036078440174578774,0.4193611668195403,3.242040310275071e-07,0.0013047345636696237
530.630953550904,0.30770390159027766,2.3736441475595966,0.00027650542755102374,0.007384984128742227
498.7821970465665,49.79472946503017,35.981631452148235,0.04474598108557348,0.11194760489838552
680.8636934125855,0.0,32.70303021733699,0.0,0.1017470792178832
483.76878483299447,0.0,6.579662472522285,0.0,0.02047092989149837
437.889526929463,0.0,0.003063435746307486,0.0,9.53109352518662e-06
313.27410615558404,0.0,5.703911853384795,0.0,0.017746256764013847
110.03466843713349,6.692215890348893,2.3805473755782467,0.006013683955456036,0.007406461749727342
500.42922402976603,0.0,0.022805367527852873,0.0,7.095304383198335e-05
457.25525826434,0.0,5.7736911546186045,0.0,0.01796335713799207
170.059932680734,1.6510001732526187,0.0,0.0014836032511537506,0.0
679.420532654019,0.0010917202699182171,0.004046833207878464,9.810294196457912e-07,1.2590682155358374e-05
692.3775848457035,12.48206384353186,0.45435957867250315,0.011216492159955122,0.0014136231333109692
792.424612481771,0.755656403729259,0.34735985492170385,0.000679039478911273,0.0010807209742017905
681.961608135926,24.32261964921174,0.0,0.021856519564777337,0.0
640.6009683722016,0.4062085402124538,0.29107731301211376,0.00036502256066898905,0.0009056123004121965
281.095475436919,2.2308104245753015,2.7752265903640443,0.002004625833616548,0.00863440475884867
641.81941120413,16.218587665731118,0.3827862674539491,0.014574165272555123,0.0011909411580308987
276.07156688828104,21.323338021951724,0.0456123507222447,0.019161338761396633,0.00014191111439544192
349.1833312242705,6.59835902451686,10.149307307373425,0.005929343351773858,0.03157696298315853
691.3815219746115,0.3008656111637116,0.18227105659196893,0.00027036047973481614,0.0005670895788843051
543.0257987599625,1.1532694907490681,1.743870183196942,0.0010363380898749,0.00542560418702057
520.3399205151379,124.74764843495663,146.71324396497906,0.11209933214438757,0.45646057740862495
791.780033861312,19.387815665386487,0.8179526777730008,0.017422061378267264,0.0025448496774995847
169.0354790886955,0.016568322482591585,0.38448637888856646,1.4888440049591415e-05,0.0011962306181105197
277.062055910343,141.33400955760408,119.0834253092023,0.12700398187430903,0.37049749298305007
881.7716793221359,27.775959912127423,0.48282350593967216,0.024959721444707077,0.0015021813324520804
507.27345607048653,7.726042840696472,0.0,0.006942689929843266,0.0
289.143129232778,2.5999003569898775,0.0,0.0023362932874240153,0.0
419.55818673068745,1.5154144327707506,0.013650040383236473,0.001361764714339612,4.246859483572225e-05
469.497843092414,0.0,7.527746237304132,0.0,0.0234206490239263
259.96795452661604,3.1793028637387533,0.0,0.002856949467032869,0.0
97.9943840195262,11.26500283690701,14.656509729455777,0.010122830453836813,0.04559996570929525
360.200294553898,11.726223198536442,0.3930881575438718,0.010537287120224476,0.0012229928431532642
442.5578911475725,0.0015006012355147683,0.06725654620087705,1.3484534452283189e-06,0.00020925146962663015
896.3585935147789,0.0010501456120497465,1.2376543210177033,9.436700670675583e-07,0.0038506435461196234
280.26376035391297,0.5485880774038019,8.125303994221293,0.0004929660628545152,0.02527979651045123
682.33840654262,17.80671603562514,0.7874551032565549,0.016001271369208307,0.00244996430725542
460.897391638108,0.0,2.561406854956027,0.0,0.007969159568653022
511.7574680569915,0.0,0.5326008985214764,0.0,0.001657050904862393
469.750569446363,0.552705846309831,6.741917666914594,0.0004966663261467043,0.020975745255935006
565.5780367843175,0.4958329809123416,1.15657621350515,0.0004455598699675295,0.0035983898383411166
556.475888883637,0.0,0.010657744293966919,0.0,3.3158834082210536e-05
467.3016665382495,1.1106012298225745,0.019092654984165316,0.0009979960159871,5.9401892309163796e-05
724.8497072181975,1.1775011130616568,0.0,0.0010581128384340485,0.0
313.977345730016,4.421546807309207,1.2730147772693912,0.003973240781391918,0.003960658523921701
702.4709909751859,11.331197403356207,0.0,0.010182313472423822,0.0
552.3316847580841,0.6035198816196375,13.609555582277958,0.0005423282644137061,0.04234263677547918
240.0602971415265,0.03166988959899348,39.137607968193386,2.8458840849290353e-05,0.12176661526084402
338.34236248250204,1.645293138014675,6.191765023887009,0.0014784748591822453,0.019264086605955213
487.166921617075,7.37835420815298,4.117782389628281,0.0066302538719993165,0.012811422312095155
235.673517488808,0.0,2.0945999528012926,0.0,0.006516809785243255
466.323157338508,4.592981975819521,36.616821161203376,0.0041272939289836085,0.11392383453876166
529.293531621126,0.0,0.0,0.0,0.0
279.23231056381303,0.0,6.138965527394032,0.0,0.019099814533409247
830.5676912997126,12.795150769400951,37.867780442318754,0.011497834820385022,0.11781587305103741
545.9490655658835,2.6184681228476556,0.8682290695908473,0.002352978444845283,0.0027012717578720597
90.97643415514119,7.691401713764794,15.291943319806114,0.006911561109039925,0.04757695412368397
240.0999717761735,8.337132205467896,7.66898788677445,0.0074918201982757966,0.0238600861403652
244.1660645001375,0.0,1.4752291410129736,0.0,0.0045897965808564
337.274374539923,1.6991003370431759,3.285319937915107,0.001526826480646277,0.010221429199607647
758.9826543713625,0.8195999822081231,4.953503154743787,0.0007364997399448934,0.015411552829883041
655.3393338598676,8.26566536936621,11.851556114785382,0.007427599471889533,0.03687307294927637
468.308745053483,6.501147240781524,6.94236020873824,0.005841987989408229,0.021599370744032825
680.3047343616765,0.0,0.0,0.0,0.0
357.2494177264285,0.06663255458005324,4.36819984290403,5.987659856684992e-05,0.013590531901838333
513.2496264247404,0.0015583001118656837,0.5501555390841079,1.400302162102462e-06,0.0017116676603158567
412.89207748925355,0.0006424099902868288,0.0,5.772752575098355e-07,0.0
486.229913551298,0.0,0.44461856032062747,0.0,0.0013833164565496907
258.2698266608815,0.16285440552901775,1.6291030116496117,0.00014634239863922367,0.00506853560904983
390.2139292462295,0.0,0.0009164755180362067,0.0,2.8513781908028257e-06
266.2842997770785,1.4736488698160373,4.789317146798852,0.001324233812774771,0.014900730234979124
115.963926345667,3.653042001901852,5.428785057460932,0.0032826556159261727,0.016890270400860642
426.3528016863655,656.5394965999171,723.291256842664,0.5899721559371671,2.2503349787005003
825.553702274336,1.8940701067877463,0.0,0.0017020280275364134,0.0
470.758662391153,0.0,0.0,0.0,0.0
534.5341285252334,0.0,0.09454164306034851,0.0,0.0002941420407198407
745.7370850165021,0.0,0.4001847929785116,0.0,0.0012450722016393151
285.221511966383,0.0015213813126419458,3.770645790041769,1.3671266049799436e-06,0.011731395939528889
296.08679434467297,0.0,33.48409049587563,0.0,0.10417714767044767
528.309649728065,0.0,3.4745521479284314,0.0,0.010810176619490278
483.935827358008,0.0,0.4453925507622226,0.0,0.0013857245290203916
137.15727972676,9.409241232714761,0.03943907479478332,0.008455226783074114,0.00012270455186435636
422.32753872000603,0.26566192147085826,1.767926010371935,0.0002387261350950876,0.005500447714882038
745.4011813662589,0.0,0.02193155684544923,0.0,6.823440631940133e-05
447.93118580273654,0.10350446326598603,1.2009934557972681,9.301001944040666e-05,0.003736582679802646
482.5664412853265,0.0,0.0,0.0,0.0
508.34033495681547,135.1934099322435,516.1809286858287,0.12148598513765786,1.6059643859520683
712.0487734488335,2.1270940248743426,2.431732755564843,0.0019114253662349129,0.007565711913326332
661.9564188287729,29.62324156342132,0.0,0.026619704955342938,0.0
543.341943923758,2.3324667198468325,5.309164651234724,0.0020959750730705725,0.01651810222967016
702.2190109130055,18.319533630646834,0.0,0.016462093762536194,0.0
665.6398363430151,0.0,0.5931184918219913,0.0,0.001845335853342758
295.12935432625295,5.509720932449595,1.3394361582511094,0.0049510836042058705,0.004167311591469103
790.2299221443645,2.334826120699082,0.001965183943745956,0.0020980952513914965,6.114165111709762e-06
606.2993180726514,0.0,0.011678266081301495,0.0,3.633392551714614e-05
487.254993505312,1.0162673845524637,0.21306202819157743,0.0009132267943940766,0.0006628877787979053
392.730945688852,0.002788033578889672,8.014380625855928,2.5053514523972405e-06,0.024934686938855567
343.530978555012,0.022169776980844758,0.3402635269609094,1.992195624143172e-05,0.0010586425723416392
377.14628175004896,10.753359546913297,1.3937085133028873,0.009663063301317243,0.004336166085138222
991.673741973077,407.1998521770842,877.9949207339315,0.36591336230393734,2.731655695485238
779.5410105066651,2.1910126635231997,0.10763233843545365,0.001968863216118322,0.00033487037722248976
122.92441756880399,2.5147721584132445,0.6503431708091861,0.0022597963407735857,0.0020233757446749497
309.1655320111755,4.273418927400148,3.0982187576045703,0.0038401317679708953,0.009639311931320886
144.1020765374765,0.057382784845394906,0.05417438492159046,5.156467427205887e-05,0.00016854968477126068
692.0443703779995,11.754842759190455,0.7667337991989216,0.010563004908702494,0.002385495291649271
590.673852212155,0.0,0.703927156646817,0.0,0.0021900885543319907
724.6546988128105,1.9258285974910905,1.0565909421115975,0.0017305664861159743,0.003287311346180223
637.3092137967785,7.744380484457613,95.06046272864488,0.006959168297528068,0.29575621486636866
657.3720277287795,0.3226241656102147,12.737555005051107,0.0002899129077964325,0.039629630940255234
412.30658750310045,0.0,0.0,0.0,0.0
180.05198407463848,3.510036981025707,1.825930619665645,0.0031541500486098597,0.005680914159049061
472.45554125096646,0.0,0.0,0.0,0.0
131.9295797004435,4.119430846694437,7.994366970337931,0.003701756726662548,0.02487241958993114
144.98206202946102,475.5920398831925,275.23340194959155,0.42737118264710605,0.8563180404220343
428.28560330520804,2.3794704469954087,33.74735415253489,0.0021382130349701083,0.10499622492265591
372.217527719794,0.06534366589297744,0.04766360419866627,5.8718391876444945e-05,0.00014829306275234924
483.7690529948295,0.0,6.570282600538095,0.0,0.020441746828904893
389.981105527642,0.0,0.0,0.0,0.0
652.3592771937874,2.046774970755704,4.488512595073682,0.0018392499590178153,0.013964854129612734
400.57391434521196,0.025831927669382405,7.120870916775032,2.3212797003141365e-05,0.022154760964179183
536.5814553311445,0.00012570004716677685,0.0013645243022124554,1.1295516600668178e-07,4.2453669078755775e-06
545.948745901637,2.6170464752419345,0.857832617866181,0.002351700939824985,0.0026689258685099865
694.4268032124185,5.347829173161253,1.1284878971517998,0.004805606247930371,0.003511000256088087
276.119317722071,0.09874118337187329,1.2508526315343718,8.872969430686127e-05,0.0038917066994958445
437.93120736921253,0.03313632660223051,1.7636014274680945,2.97765940154384e-05,0.0054869928858837114
605.9658889028815,0.0,0.0,0.0,0.0
536.2466255811885,0.25233236269783177,0.1423798828950975,0.00022674807655064357,0.0004429784374012078
539.631314979013,0.0,8.507412723256726,0.0,0.026468629681708922
238.09324007201002,4.726486198142748,0.0,0.004247261995305056,0.0
611.1423485131261,49.72162666161024,0.0,0.044680290264591555,0.0
393.7403339255835,0.3781846091888618,2.8955566138703777,0.0003398400102063805,0.00900878072195126
518.749674577277,3.6068641859915416,0.9192058616290655,0.0032411598251166867,0.0028598729536424895
471.2611747183765,1.0998854676267489,6.8488804046096865,0.0009883667379955677,0.021308532342431193
792.5822259785415,86.46889024807989,99.60506317514191,0.07770170395741034,0.30989557194032646
539.7882839433635,0.30448436712969645,3.894166201839622,0.00027361232561784243,0.012115697976395156
441.754229277083,0.0,4.167717217099279,0.0,0.012966781702728301
454.29350995841446,13.985178357128188,27.551969945866514,0.012567204058933638,0.08572087815901157
536.4083560210645,0.0026087559274693643,1.787072921562758,2.344250980807114e-06,0.005560018411443291
325.87384421418403,0.0,0.03275235252126003,0.0,0.00010190053289881475
752.522473094833,0.2103962969616704,0.09868965566995636,0.0001890639596894113,0.0003070475165972047
438.22613740715303,0.17211576459052738,0.0,0.00015466473720487537,0.0
410.8488457400385,0.01542786323026768,0.024353176039637534,1.3863613352436834e-05,7.576865248402746e-05
290.643987362166,0.7988437013231058,4.260909179893786,0.0007178479637054002,0.01325672455994696
387.538585336967,0.014245313927756792,0.010777746898373608,1.280096416664156e-05,3.353219136487747e-05
710.3637210827465,17.679167154804873,0.0,0.015886654825048186,0.0
224.498913554921,0.001503525690292953,0.011683948821398572,1.3510813859681548e-06,3.635160590342807e-05
353.2947938035985,71.65734937650136,94.93243481810178,0.0643919232876852,0.2953578889048428
702.596401659129,5.995091309365541,0.3792640813114609,0.005387241686362557,0.001179982780471443
277.1804821045105,6.237818592870772,2.32270728273807,0.005605358554419952,0.007226507156251802
473.24324697065754,0.0,0.0,0.0,0.0
395.561076830762,0.08769497236122603,1.1358519555342868,7.880347210905229e-05,0.003533911632392623
474.93934704643846,0.0004124127308517197,0.006673706442958025,3.705977008490526e-07,2.0763523551666804e-05
818.2810524788955,0.0,2.734176285261319,0.0,0.008506687277702502
529.293407258974,0.0,0.0,0.0,0.0
158.1541856853475,5.0238876670677355,5.479788201750981,0.004514509566409642,0.017048953584894447
737.287448603652,0.8849797797012616,3.2920762046406047,0.0007952505999944716,0.010242449588274015
428.26166702593605,0.4496666875247799,1.6145762309042186,0.00040407443339815106,0.005023339261755422
514.2963410516695,19.687066834805407,0.010995409965591785,0.017690971106475713,3.420939409489589e-05
370.53720708677747,0.22820156906579522,0.0021770161065950977,0.00020506393352909597,6.773226480367918e-06
485.1125812605465,105.3873333470422,310.77651745402045,0.09470198302648657,0.9669013155756107
452.2785060891425,26.226301238330443,65.58777917605995,0.02356718455472334,0.2040595296277415
701.3956417277725,1.343031482770452,1.871959431583047,0.0012068598819796788,0.00582412098549116
329.18666033694,2.120896053963852,10.362292904061324,0.001905855815157735,0.03223961296496307
184.0733318811055,47.10224210119834,26.104995762248002,0.0423264883009049,0.08121898962120826
412.30674551106597,0.0,0.0,0.0,0.0
268.1035999346525,96.93807622710307,39.86066417416926,0.0871094063956314,0.12401621893914194
91.05430569501095,4.949582540535374,5.977759686239761,0.004447738327322719,0.018598263962061466
389.0259198712835,27.856854835109147,0.0014379307440171019,0.02503241433274056,4.473752198161026e-06
435.20342304312896,0.028504809422335672,0.18493828062511067,2.561467201374092e-05,0.0005753879614252614
540.0402077767176,1.4831912625904238,4.786971926852184,0.0013328086907022367,0.014893433685451108
732.7974805008914,42.72480058491442,2.045451076259951,0.03839288092126441,0.006363895679067529
235.676335772606,0.0,2.111591100554867,0.0,0.006569673377546368
505.62930150850946,0.0,0.36903338503884525,0.0,0.0011481525966265192
316.21273309320895,0.23879452381368954,0.3081149247877212,0.000214582855669691,0.0009586204535862492
597.3346362196789,0.4901986945169555,0.43322245017088024,0.0004404968507446677,0.0013478603867458794
770.389708332194,0.02325628860149649,0.15635287087474906,2.0898305123115697e-05,0.00048645180073872624
537.6251724319386,0.0,4.236363918506024,0.0,0.013180358283236606
191.077213638172,10.50882872505239,10.075149706421284,0.009443325757858712,0.031346240654110076
559.6201129236395,0.0,0.0,0.0,0.0
384.22366383101996,0.17364640076103477,0.12869264207194941,0.0001560401803063891,0.000400394102951099
652.0256305792815,1.1613043708451882,4.389346899502894,0.0010435583036739993,0.013656325537128101
693.3591523151115,0.0,8.275616672441755,0.0,0.025747455803082825
104.1070091008475,1.1480890226200933,1.022371743115059,0.0010316828757306737,0.0031808470972120176
252.85867903609397,11.911046103605463,7.984054619774058,0.010703370605429613,0.024840335359730698
313.68394727334,0.0,0.8866076198122546,0.0,0.0027584518966194483
281.0953848268065,2.3500541326890714,2.844802332857623,0.002111779276664763,0.0088508718120878
200.2010349129435,3.719243568259321,3.630398620050933,0.003342144924692213,0.011295052890572628
503.2541142293735,0.0737986120701356,3.9079499220149834,6.631608074406598e-05,0.012158582481570342
486.48097122379147,0.0031878659425040663,0.00874168536432264,2.86464432479359e-06,2.7197508834824214e-05
345.213385218386,0.0,0.6131462046564441,0.0,0.0019076469379969195
480.40544895599,35.85792856699921,15.139779106172819,0.03222224943612955,0.04710353425415561
484.27036161450997,0.0,0.0,0.0,0.0
548.298756032071,3.0293226801164557,15.977764081656387,0.002722175957232255,0.04971070928097383
450.3585515252205,8.978035169645986,5.490536776984824,0.008067741228892917,0.01708239501611746
234.133963216891,16.778641338967102,5.82245577318805,0.015077434420490194,0.01811507572417938
356.352835553059,1.5504442350931247,11.790443943716244,0.0013932428022615298,0.03668293812477769
239.0918703654435,27.770340743504015,30.500080519121926,0.02495467201044685,0.0948931670278601
146.0600166044195,55.11179816891712,29.9360259420821,0.04952394570574287,0.0931382560807132
376.3190975615915,0.0,1.3184560474443008,0.0,0.00410203736513369
275.1328573728655,1.6681488467832082,0.2644498472772159,0.0014990131997504451,0.0008227677796599926
133.1011406377045,0.29133342053228434,3.0112525233844787,0.0002617947695425866,0.009368738829572605
494.020935839882,10.601052317571718,1.5537641781539193,0.009526198687802261,0.00483413817832473
455.9972759226125,0.2664449198596272,0.0,0.000239429744321813,0.0
487.506167880937,0.7891483646865131,0.0018442853208918179,0.000709135649080538,5.738020097773048e-06
444.224621854956,0.0,1.2454385805061947,0.0,0.003874862270242877
494.325154152945,5.857879759911467,6.1904217789096805,0.005263942183331699,0.019259907444201425
620.2411157616141,5.746378697937245,2.78380010321174,0.005163746350083449,0.008661079042090703
485.7726285100145,0.00993802223706015,4.6035009573241785,8.930394036175986e-06,0.01432261088564672
312.134045573639,5.014538685666963,0.006884317348802506,0.0045061084896406214,2.141878529281727e-05
479.148848829931,12.80497339972423,0.18920959320866343,0.011506661522234354,0.0005886770535037285
662.081683769886,22.047013023372056,0.01794159950217985,0.019811639471402447,5.582067880902561e-05
373.2126982929355,0.0,0.31924125945137244,0.0,0.0009932371862530296
475.2724484706075,0.33853663958200514,5.478561224746651,0.00030421199661599224,0.017045136161076883
303.1782607708805,0.00430922726689084,0.8013237763178401,3.872309456227672e-06,0.0024931131215162297
234.133756761247,16.78259214261988,5.822998670230146,0.01508098464733989,0.01811676480889056
335.87732163147746,1.0811008765673558,0.31913200855874274,0.0009714867395444438,0.0009928972801601342
235.170212023561,74.091274595644,25.78070901232112,0.0665790698590094,0.08021005468720241
324.2900796628615,1.9760420019249745,1.781030249783039,0.0017756886922044468,0.005541218190174107
307.2634433869335,1.739211426708034,2.3251642233051277,0.0015628706579868914,0.0072341512957963235
560.3678618071175,0.08784524604208022,12.987945418588108,7.893850935804233e-05,0.04040865640279607
712.717430068144,1.7194793571257674,1.4463066983943138,0.0015451392470164317,0.004499811828962203
587.3251669903965,0.0,7.309877876763261,0.0,0.022742807576460963
679.1273378809769,0.9589047239748059,3.5360497085138043,0.0008616802039656935,0.011001510484486964
390.212643250864,0.0,0.39020099352504456,0.0,0.0012140101738352723
592.3560423508325,7.37193485460774,7.270016379370062,0.006624485384542855,0.022618788765174806
336.3268064401175,0.5243176160055953,1.2908857566903644,0.0004711564131520306,0.004016259486485805
390.53630049478795,0.0,0.8648672993669736,0.0,0.0026908124732428493
316.8689970507985,3.1450532235497572,2.505420792469927,0.0028261724396536807,0.0077949733144431375
500.27843025064647,65.56231407288865,94.02023617683605,0.058914871050602786,0.29251981711765696
527.1011853503495,0.04473252335304259,0.06257524609282741,4.0197038228130176e-05,0.00019468680666509503
262.238332060449,3.3445889714042027,2.662833948724605,0.003005477014561775,0.008284723920822449
279.702204837507,0.013083888390286113,0.5043890883100577,1.1757296981574074e-05,0.001569277103187606
537.9601153890825,0.1332686705787517,3.5162259783152323,0.00011975639745576301,0.010939834039414337
437.890756848269,0.0,0.05600300665327005,0.0,0.0001742389716341677
300.2903235311315,0.0018203231331358049,2.3918432859825884,1.6357583495283125e-06,0.007441606073758189
539.2985944550326,0.0,7.979178192098701,0.0,0.0248251636074592
297.241700838827,5.695857879097071,23.809479020879454,0.005118347898710444,0.07407707885092792
381.10010751724303,6.731650943330374,0.0011927251145031903,0.006049120640297494,3.7108578594707666e-06
435.00819405527795,0.0,4.352809090832879,0.0,0.013542647529662447
739.763901054501,0.0,0.8827167696871261,0.0,0.002746346515764053
435.258379585949,0.010443132117353428,4.056567887326729,9.384290209376646e-06,0.012620969110249122
568.3062021021756,0.13200071994731144,2.7124039973889316,0.0001186170058859843,0.008438948395886837
438.23257722194546,1.3308648223303523,0.859001091502437,0.00119592681408723,0.0026725612741235346
464.284591541684,0.0,1.0777538128769677,0.0,0.003353154183187432
229.154906012688,8.956102252181767,1.3469648422961498,0.008048032116692706,0.004190735158240938
594.37696400811,0.5005343362691757,4.319744734752086,0.0004497845491681906,0.013439776277821775
168.9175722113635,6.344279084447675,6.1388403596195,0.005701024886853918,0.01909942510602633
252.0726461961105,0.12795476480363288,1.4403349282875275,0.00011498127507115459,0.004481232200038274
264.12466762804047,7.465917970104084,0.13818492756219303,0.00670893943728183,0.0004299269112968703
507.2701708356555,161.33475029320053,0.0,0.14497682310203305,0.0
288.289884791867,0.9542271002543178,27.515751619585252,0.0008574768502218121,0.08560819413894405
85.02830332725384,2.0035969866919823,3.3604246087734615,0.0018004498434436296,0.01045509809342798
583.9076105443714,0.0001104827310420682,0.4475031269946689,9.928075213186401e-08,0.0013922910448964723
224.1130504745925,0.9835832760327186,0.0,0.0008838565675179486,0.0
679.964307909259,0.06456628626825503,0.07890947445676358,5.801983172042346e-05,0.00024550656300765394
360.256269043649,0.0,0.0,0.0,0.0
328.3213068984295,0.22546222440574473,5.82631747445068,0.00020260233436664713,0.018127090415835576
518.9993459852195,2.870500786568215,0.046727852197557186,0.0025794572092636497,0.00014538171073535282
471.007084617768,1.7333374396855996,5.803015434527064,0.0015575922416760381,0.018054592103407343
506.519391815031,0.835560892153064,2.043271293763275,0.0007508423537551847,0.006357113845674931
383.873429677905,0.0,0.0,0.0,0.0
190.07370206393648,0.24457760801243866,0.3130616102963706,0.00021977958590507134,0.0009740107950613238
409.149812047855,0.009266737015579452,17.333897025050717,8.327171242396277e-06,0.05392996863108673
525.2858560704055,1.4483897213215466,4.885560317636359,0.0013015357201670802,0.015200166142364635
284.29461379949703,0.20407533553949442,9.208216220138624,0.0001833838882585994,0.02864899977094949
258.13406850537,101.32579075414453,28.529541321500233,0.0910522451929337,0.08876234041913598
202.032097998239,1.7086732017641924,1.3872902055130845,0.001535428740932522,0.004316197168900374
691.7184938323051,0.0,0.00022743541108785625,0.0,7.07606868082829e-07
363.163870330338,0.0,0.0,0.0,0.0
276.1811763736045,0.044838140942258645,0.056103483695521504,4.029194712110216e-05,0.00017455158014504865
258.060833889855,13.207227674097139,0.13943744661581206,0.011868130744902223,0.00043382380264068597
342.3370713794735,0.004443784566053047,10.370551027921588,3.993223826642444e-06,0.03226530599637383
563.2653828292041,0.3970595669255629,5.817161424702368,0.0003568012129471355,0.018098603718643507
102.046311561777,5.362743340167183,2.5203798697592625,0.0048190082493454614,0.00784151464140487
229.15541118606552,7.568948325404998,1.1383419930241698,0.006801523419142245,0.003541658744512047
487.25762298648954,0.9629630071929332,0.9321133966421273,0.0008653270128964611,0.0029000314337207476
365.54053861022896,7.2947106370462365,0.4227728249328591,0.006555091024628078,0.0013153490616538554
497.27676592538546,0.19731397325367794,21.322848693474015,0.00017730806874508392,0.06634056724247199
570.3568966532575,4.028463394864043,2.5613497437208217,0.0036200125757707515,0.007968981881712882
539.796626014267,0.018110691341723106,0.2316245092637108,1.6274426248113578e-05,0.0007206401711473323
640.8510294012045,0.028395161541192745,0.0,2.5516141465058252e-05,0.0
219.175038003665,6.870565155183668,5.388669801931323,0.006173950170709344,0.01676546208630718
276.1601462139875,1.4844984373027665,5.4479773083142256,0.0013339833293754945,0.01694998216013683
127.038986894855,2.7243463390331017,3.689658136400365,0.002448121539500218,0.011479423655738685
505.602077261368,0.0,0.002359561139718184,0.0,7.34116846686186e-06
375.213310808195,1.0822799548842925,0.0,0.0009725462696721277,0.0
266.646953247778,0.0071137782516062465,0.0016609624576722482,6.392503594519614e-06,5.167658092708381e-06
904.1692861383749,0.0,1.9358416122550022,0.0,0.006022873983431846
276.12717261189,74.38400123370076,30.236164497466294,0.06684211658605166,0.09407206010951623
206.63091424558598,0.0027263425192128586,0.0035036855626367487,2.4499153245358315e-06,1.0900817756856294e-05
414.55289757195703,0.0,0.0,0.0,0.0
363.20312975028446,0.0,0.0,0.0,0.0
313.274040838257,0.0,5.704679598304436,0.0,0.017748645405147062
526.9290797278395,0.0,3.229204583964884,0.0,0.010046840688213802
746.0665567876244,6.436775343493122,0.0,0.005784142837331799,0.0
506.62423802434455,0.0,0.008263453118637194,0.0,2.5709612029453936e-05
336.3268750862185,0.5273754559470951,1.2946514080818008,0.00047390421497071813,0.004027975343636813
290.648989001948,0.8083296133289875,4.292600674181513,0.000726372087518397,0.013355324504918328
524.3305240820315,51.64473913212879,162.66370481794124,0.04640841601516293,0.5060863397059586
203.1497760589465,11.35428381576372,8.054304718946794,0.010203059125307544,0.025058900500578202
328.1394595434675,187.2518107417764,44.53605054378178,0.16826612116800735,0.13856248282238873
357.2619005193215,0.0,0.2173893534230134,0.0,0.0006763511398442174
120.0656059057845,36.795490337620606,52.522839049084034,0.033064750674824776,0.16341132396478117
661.7059968959879,33.174576636046616,0.0,0.029810965831653612,0.0
571.602656298758,0.06036753073762008,0.5174869890005768,5.424679313631626e-05,0.0016100278571785835
126.9593751570105,0.000904859010869871,0.0012254886344100092,8.131142516584701e-07,3.812793136821565e-06
634.3184812425535,0.0446928733365457,4.520755055155433,4.0161408375186434e-05,0.014065168263144565
104.10697753595599,1.1451403761899095,1.0209455664340423,0.0010290331961599532,0.00317640991476202
583.7896151995119,0.0,0.0009823186912574222,0.0,3.0562323134077776e-06
241.0315596593355,4.9977306577461595,0.0,0.004491004648179684,0.0
130.05014890814,0.0,3.046657980839471,0.0,0.009478893817060852
709.359870129889,0.0,0.37014887558990583,0.0,0.001151623158978426
471.007712120304,1.7317623159185926,5.805602687441589,0.0015561768216297172,0.018062641676352156
789.387214251596,1.0194854241598168,41.44576874821274,0.0009161185530390226,0.12894786470994674
398.233500296445,7.883146406824898,9.736120395839002,0.007083864573705838,0.030291438029039802
616.343745288979,35.74594659018878,53.342351068738765,0.032121621448587136,0.16596102513405123
237.0888017726125,1361.6862519665983,2532.0302622766217,1.2236232213646776,7.8777618454867335
407.1375294056785,0.1293980251076764,11.922960409559202,0.00011627820145192032,0.0370952290732981
659.255599441622,0.0,2.688241157549732,0.0,0.008363771925605354
466.2560948293485,0.0,0.06249682514717492,0.0,0.00019444282003399028
90.05479152497405,2.1441579341147103,2.34995558890672,0.0019267591448961997,0.007311283262559681
407.237766486149,0.2819851934588087,0.02810716567124949,0.0002533943706186975,8.744822706449693e-05
175.118876897877,11.090808230227838,9.167696425513537,0.009966297650879242,0.0285229328369005
378.1638962598415,0.6735573350898898,0.8331997285620236,0.0006052645350176566,0.0025922869600437377
503.588863987266,0.04105901362761709,0.5920214836878693,3.6895990136142914e-05,0.0018419227942842126
136.0756911112345,12.341190005983345,6.924609195461439,0.011089901692688402,0.02154414302531473
319.227179040082,1.3177316145717795,1.5885338174179546,0.0011841251982882988,0.0049423149808125785
343.872023894354,0.0,1.3734743343675448,0.0,0.004273212634238994
375.2138471073455,1.0503644651756112,0.0,0.0009438667304079493,0.0
206.1281790691445,0.0,0.8414995513899016,0.0,0.0026181097270824576
585.2897015521751,0.22562270699381468,10.438874927871339,0.00020274654542929349,0.03247787826305562
379.15853941242904,101.20635075181904,203.80175526436378,0.09094491535818341,0.6340768179529089
432.090792306318,0.09933860145413317,0.017937554964808474,8.926653944079766e-05,5.580809526977588e-05
566.2523454382724,0.788437410417,0.0,0.0007084967793319096,0.0
392.748588643154,0.6062221663194338,0.8384209988899148,0.0005447565611704912,0.0026085316016607185
155.154400989298,8.425300879773717,4.750110315958395,0.007571049343111276,0.014778748250530131
288.2900174330885,0.9540110582141392,27.509521908528672,0.0008572827129476995,0.08558881199300328
132.10185399833802,0.00441133172457532,0.002908107012511781,3.964061418360753e-06,9.047828063934447e-06
452.27775176008447,476.1588591102319,1045.0857309212988,0.42788053138108917,3.25151583650977
616.360353720439,4.02874211703589,4.4545183764276,0.0036202630379615006,0.013859089849222003
394.110950598417,0.9940270545736865,0.06784153983207956,0.0008932414386092608,0.00021107152706290912
641.574297508651,24.88885250764409,0.0,0.022365341382781942,0.0
395.2251859161745,0.0,0.6186478996511218,0.0,0.0019247640489415607
159.0919745290555,0.235889119056886,0.28003283595116385,0.00021197203344632364,0.0008712502466522722
370.7352454816645,0.0,0.0,0.0,0.0
279.1701403028905,0.0,0.0,0.0,0.0
204.105559397533,8.472468067438081,12.05685420107252,0.007613434192065451,0.037511805216895525
139.98830314048598,0.0,0.0,0.0,0.0
85.02832196628685,2.003648169186667,3.360378738636472,0.0018004958364827258,0.010454955380277823
949.628578592238,0.4834928344422966,4.951506523318311,0.0004344709060053974,0.015405340824008762
250.09283980167402,4.416534347061817,3.5360407695760543,0.00396873654060516,0.011001482673277992
782.2926343763195,0.0,0.03392204575052826,0.0,0.0001055397329627857
600.3013792588005,0.06824665520986972,0.486354771128791,6.132704356430095e-05,0.001513167957133305
291.117596440283,15.045176371970372,23.015339321681925,0.01351972758165271,0.07160631714024455
551.0641833481905,0.0,0.0,0.0,0.0
640.3503731144185,0.0,0.0,0.0,0.0
319.227557012428,1.3541707791820712,1.5878141652138462,0.0012168697515360736,0.004940075967811822
692.713364321473,5.914775812226513,0.0,0.0053150694754785675,0.0
349.234994758893,0.0016861418294239518,0.0,1.5151818519263983e-06,0.0
600.304115850987,0.0009202499032667788,0.39755153361793827,8.269446426954528e-07,0.0012368794914537173
546.3566155775704,1.2235692666823685,7.12582180018542,0.001099510085747287,0.02217016436634735
373.2347335005435,0.0,0.04218504122240718,0.0,0.00013124792114189125
348.070924888893,0.02156235160113762,0.04564688910804815,1.9376118462147053e-05,0.0001420185717121813
113.0346584615315,0.3047528576294746,0.38503259357983666,0.0002738535935382389,0.0011979300248350128
621.3179636320955,7.6549528558096,0.0,0.006878807845267314,0.0
174.0221781709825,0.01712854682010501,1.0222289646768465,1.5391862557944597e-05,0.00318040287877211
337.16787863819354,3.5553781309959938,8.527852831796817,0.003194894004059872,0.02653222382968327
520.2435814900185,0.0,0.015064681241631295,0.0,4.686988653644199e-05
199.181095330219,9.616367926355872,12.026078069016663,0.008641352648513172,0.03741605318641098
301.2167804116955,12.047023946665895,5.531131306762853,0.010825561489063435,0.017208694469400175
482.3250978165505,15.802626149757813,146.72475262193817,0.014200378602238151,0.45649638363892003
201.1231961886535,0.0017973969838359877,0.002595554677188838,1.6151567104802462e-06,8.075401747152984e-06
412.306015126827,0.0,0.0,0.0,0.0
412.88709690778,2.452654477046657,0.0,0.0022039768469160883,0.0
536.8884584347995,59.48175419188398,46.403861910737305,0.053450826555367426,0.14437369817016213
208.1334085294165,2.4436677089833774,6.51405768414573e-05,0.002195901258232303,2.0266817442111857e-07
641.7001559978885,21.286755782711122,0.0035511057561401185,0.019128465640029894,1.1048353509746766e-05
443.33565973396196,14.195795115278514,33.172777940783504,0.012756466126982781,0.10320857861143466
110.00874517456799,1.8129369880437423,0.1755481597290396,0.0016291210946996295,0.00054617301197475
371.1019575517305,3.1777382593734353,10.915334334995563,0.0028555434998132644,0.03396025933657076
112.0506917219525,3.0607590347712494,4.501594349422905,0.002750424941530295,0.014005554648409725
607.5518211027705,0.007829100308068423,0.012056532638292445,7.035298274848754e-06,3.75108047568941e-05
119.0351934676555,13.886367905231275,6.552925820350236,0.01247841211932201,0.02038774566518994
370.871274902268,0.0,0.0,0.0,0.0
412.55918215304,0.0,0.0,0.0,0.0
360.5346139746945,4.621046318228178,0.0,0.0041525127934716405,0.0
524.798601948055,0.07036049385045065,0.3431851428748044,6.322655752583004e-05,0.0010677324298826603
112.050801937064,3.0513735942669107,4.495538376005138,0.0027419911022907055,0.013986713042510087
549.156769044354,6.367748232878422,1.739769041652277,0.005722114469688467,0.005412844538423616
117.057254852694,0.0,0.0,0.0,0.0
438.562294017676,22.732296290924182,11.982383754033208,0.020427441032282136,0.03728010954759687
368.3527870134315,0.021731795438500054,6.492838495053504,1.952838218208575e-05,0.02020079938509519
827.7546860856639,6.387196248359854,0.0,0.005739590627149976,0.0
230.0731641575255,1.0973877522502478,0.0,0.0009861222690287757,0.0
238.10343118395548,43.92734078286637,0.02038138308972964,0.039473494101219295,6.34114388183326e-05
480.3090797777945,705.3479206572781,2369.3215262642875,0.6338318343238342,7.371535402785036
230.07353382979198,1.0771638079476136,0.0,0.0009679488551160264,0.0
478.48599759045703,4.210305353953044,0.3461968432611052,0.0037834173567461013,0.00107710256212267
173.08085059119202,0.344686328301402,0.00783271337676402,0.00030973816089234496,2.4369475951928423e-05
94.06505497540576,15.226741363565418,8.763412370805469,0.01368288347720627,0.027265106835226142
153.040959609788,6.327339752650208,0.0,0.005685803054576589,0.0
558.320622752205,1.55404097161381,1.493622702202368,0.0013964748612776833,0.004647023422375328
106.950746916206,0.9694810760414825,0.6170777465096492,0.0008711842067911778,0.0019198789207131397
317.20766047346353,9.966616551389796,64.68322825967907,0.008956089138085273,0.20124525177232663
143.0727051647585,0.0018108757017452676,0.0014901247762095387,1.6272688047341167e-06,4.636140524040666e-06
472.259653388691,0.004256440568769726,10.390999612153728,3.824874865838824e-06,0.03232892651428713
559.1322294350484,167.60442938056815,651.1776588405669,0.15061081177653696,2.0259720398583316
522.599425863071,5.734227663139073,8.713828703315192,0.005152827323530027,0.027110839988682613
264.133973758396,0.0,0.0,0.0,0.0
326.0870653956735,0.0,16.5756495133818,0.0,0.05157087624350608
190.911555785854,0.0,0.0,0.0,0.0
781.18957142429,0.8307266151847398,0.962870880264166,0.000746498230027412,0.0029957254443930452
112.99973017754601,5.702864447650768,0.23728846269467355,0.005124644062729142,0.0007382621075427265
112.0506113527185,3.067602929894802,4.506010385827702,0.002756574925776423,0.01401929401148776
230.139762178541,44.56949363265222,8.443156763215411,0.040050538290017305,0.026268713765260333
329.188771317467,7.99090719214595,39.04204580862399,0.007180699361514628,0.12146929814511127
301.2160577170475,0.2446336137863687,26.130693254468625,0.00021982991318524495,0.08129894076822113
494.27134074095045,7.993337501227487,0.24325908095870621,0.007182883258592951,0.0007568381528037623
216.06900962965,0.010154251178373784,0.058727605129510654,9.124699261289586e-06,0.00018271586001902484
102.9541900627975,0.001451731380523477,0.0015145448966894434,1.3045385644650699e-06,4.712117456956867e-06
146.07873441167447,8.059972081375882,3.4676147098699097,0.007242761677353296,0.010788592562752459
469.7804277040665,14.721575429574713,16.892769076291163,0.013228936933660961,0.05255751231589591
169.0972038247025,2.7464518365707247,0.0013503832193067767,0.0024679857336696092,4.201370560348492e-06
95.049169649992,1.1452981405988027,0.5466846757604233,0.0010291749646429262,0.0017008689605255798
146.9801473492845,163.75058575755023,83.74858590243146,0.14714771406087568,0.26056221541461394
139.9885235670915,0.0,0.0,0.0,0.0
70.99115624799116,0.04832663284393351,0.06427739859577303,4.3426736572245634e-05,0.0001999826170046003
804.5742566268975,928.1968846554146,182.42530086885515,0.8340858699442729,0.5675694703364105
804.5740042841985,920.9762385816159,180.60278221349566,0.827597333986452,0.5618991716279861
540.3301635208995,221.88660356423088,404.8956266233939,0.1993892500851887,1.2597287506154404
826.56016311137,92.54963482752092,1.1977658146998145,0.08316591442428223,0.0037265407035011527
500.27753055659105,215.9427461149932,370.41942682335946,0.19404804759536068,1.1524649096541206
778.5595576115385,111.55359472538683,257.13259011881064,0.10024303963967451,0.8000020133439651
480.308599455017,310.8017329290027,457.90032181812353,0.27928916599037473,1.4246392462195712
267.072194805688,369.50084735932757,545.4816400519112,0.3320367055845762,1.697126023900978
619.2880754790406,492.69462918783864,46.2868222757566,0.4427397195537572,0.14400955940586802
237.0901430829985,1377.1360838839987,2560.836210731214,1.237506575972253,7.9673841557092855
778.5595650868449,111.55272072470159,257.1290245801359,0.1002422542549852,0.799990920086136
307.1108705741565,9.293299492660616,0.0,0.00835104051751493,0.0
116.927184029731,248.51196168562473,512.9641730362627,0.2233150306586767,1.5959562769259066
229.13316090886002,2606.065505039243,3464.594645561039,2.3418333435900074,10.779196408315528
116.9271925698765,248.51442083180018,512.9692884112851,0.22331724046902082,1.5959721921014784
804.5743897408295,932.0058658301123,183.38670226948457,0.83750865386999,0.5705606238723347
116.9271843431475,248.51205193432182,512.9643607664333,0.2233151117569483,1.5959568610001167
436.28219903925503,147.71499162873707,153.4789464989985,0.13273798838724366,0.4775103231697554
722.5117651567496,91.53870595935365,134.65217696792772,0.08225748486758304,0.41893566515903735
311.1675739250345,174.31221732712092,357.9835917829959,0.15663848891841753,1.1137740028915535
568.3613091473251,458.47654304318485,1653.9713694872837,0.41199104691585325,5.145907117381401
513.1541700131979,2134.169856808231,24.027717770363182,1.91778377093517,0.07475607266845986
145.9294224922055,332.85174820206436,417.6903854558536,0.2991035033097075,1.2995363565726965
116.9271713148405,248.5083004161169,512.956557073138,0.22331174060975173,1.5959325818126953
316.9468028939675,535.2637452039413,805.9649831821758,0.4809927009546063,2.5075530446473224
480.3085506689235,216.0341812439172,275.8327733534372,0.19413021200499486,0.8581828306051679
197.80664006305,62.039934522272794,92.73288953587324,0.05574962986059379,0.28851456868078645
248.95906650112198,484.34047730601384,708.3010708975905,0.4352326053248775,2.2036968651462514
742.538665214087,44.649050078001295,26.99802157802077,0.040122028410298514,0.08399741008613744
746.5122670880545,0.39985236871190966,6.507575218307087,0.0003593108491526177,0.020246648914583117
619.288351550843,117.70229669554438,0.0,0.1057683172144973,0.0
351.100974801653,1287.7891912036139,1902.4131484832585,1.157218673760857,5.91886990402661
802.559705070078,658.8003386846375,170.89606234409425,0.5920037684842622,0.5316992057858542
473.281979339008,0.0,5.613536265837922,0.0,0.017465076335032696
195.80969114921152,46.07652200900561,67.88875896413175,0.041404767220432286,0.21121843726473397
384.934382689722,391.2218624732227,606.8232421330956,0.35155540047232275,1.8879746640675825
166.016589345846,497.47902320257447,722.1993413562358,0.44703901802147245,2.2469377641072805
452.277302157695,0.8360579227294658,0.00037273290153638783,0.0007512889897949738,1.1596626920409736e-06
423.060738809005,171.68282275272438,0.0,0.15427569186827825,0.0
748.5269152435145,34.729087852573755,81.12810948805935,0.031207863259139077,0.2524092760830053
539.1379324993445,585.693693431388,694.8616873859045,0.5263094951971878,2.1618836750621684
353.15961560708354,44.70994554165918,55.73538013387224,0.04017674960859213,0.17340632045508705
508.3402569205885,134.8991400154985,515.0560151591047,0.12122155160683665,1.6024645064315408
566.345647486588,440.3739979885285,478.08575301291825,0.3957239409928207,1.4874410310442423
854.5908957040094,94.1046412767633,64.04535239626146,0.08456325687223365,0.19926066485255184
778.5596796569134,111.53932537845166,257.0743774546562,0.10023021707923642,0.7998208995905347
452.921981792015,335.61700073640867,545.5593816180375,0.30158838351546297,1.6973678968171761
826.5596927590666,119.07900088075806,350.59903701869246,0.10700543568253243,1.0907988573591967
99.92447689190575,93.00450059895641,140.93431761865065,0.08357466080012951,0.4384809323162115
852.5751030607034,5.902782554566033,50.25647868791646,0.0053042922288463286,0.1563601257830989
597.3036939131965,125.97546179939417,292.5339625201418,0.11320265601364003,0.910144291236932
540.3301443270504,221.87201378658975,404.86914111555467,0.1993761395829049,1.2596463477602209
99.92446010589839,93.00398735145532,140.93287196667654,0.08357419959141882,0.438476434541389
830.590075169628,281.9254284991859,155.32069668467315,0.25334066530125543,0.4832404558454132
766.538120080364,165.08787111335045,57.93472019097548,0.14834941042271,0.18024900217387518
526.3508498646495,53.896660145998275,496.41291328321626,0.0484320120096662,1.5444612831575248
852.5752584598335,5.902358611634082,50.243813369872704,0.0053039112700055385,0.15632072089891066
500.277565068037,216.34921399405624,371.11666533446214,0.19441330320019773,1.1546341882057245
528.274179466388,109.5575390991242,80.37103680489238,0.09844936652892444,0.25005383887257066
478.293132121918,356.14823090613476,1172.4372678908653,0.32003792720629265,3.647737435378378
750.5402096090835,184.96469262215234,82.63220056539522,0.16621089674524908,0.2570888691659568
524.278214107419,18.017755610747784,34.5099753338568,0.01619091338430103,0.10736892486004766
403.157388417656,271.7412963046226,233.09639076255172,0.24418911469646828,0.7252195523993641
520.9095827480726,233.90203866744326,398.9820198038185,0.21018642556218078,1.2413300818212631
286.0589951401025,289.6294476715993,335.02769090634166,0.2602635645694159,1.0423526132071022
240.04992215241202,1231.1031603951972,121.8358734056221,1.106280108783795,0.37906102830832006
756.122000049982,467.38039789172,424.62545788396636,0.41999212905690675,1.321113053259075
564.330097192396,221.82128427074372,234.4644658511126,0.19933055359457014,0.7294759666669943
199.803661536741,22.862212525598864,32.27915060628463,0.02054418490140075,0.10042828667548064
595.288350445402,30.76697475721173,0.47254850290135586,0.027647473645043906,0.0014702132994852354
325.18318953580354,0.0,11.762731307458317,0.0,0.036596717374653545
284.066384477942,200.30791350648923,0.0029141362849082197,0.17999844974248871,9.066586596463993e-06
466.329034755071,278.4224244141369,621.3613265118801,0.25019283507471773,1.9332061797141136
828.57407454978,196.72725158807881,144.55929584974388,0.1767808355050714,0.4497591210586913
500.2774917214415,215.4853546486964,369.6348360564654,0.19363703160793586,1.1500238569937935
262.8569241702575,153.25710793412713,150.54094338141252,0.13771818275799907,0.4683694810532674
333.0903821456935,323.5775075905893,0.0016815848291873436,0.2907695892701592,5.231819305117826e-06
318.05412406551454,8.85073927973135,0.0002611798057055026,0.007953352024581811,8.125938851727931e-07
528.2727299067445,25.5303241446925,13.128557729968524,0.02294177342783317,0.04084613549540468
145.929455982876,332.8762323380195,417.72141527559165,0.29912550496924284,1.299632897887248
240.0459197876965,1200.8081173941455,119.26003456806131,1.0790567171583083,0.37104696733243964
160.84081753130852,16.05875713399438,21.152695955202795,0.01443054015345468,0.06581118069862678
167.01973193598252,153.24989181705118,251.22283804629805,0.13771169829183846,0.7816153376052374
464.31398416144646,248.13389283592605,576.1248801721986,0.22297529467096458,1.792464595259378
588.3298720270091,18.326055053526794,75.00873968258759,0.016467953970392985,0.23337042860547766
601.1372674546355,454.6226101758583,333.1888526881281,0.40852786900447263,1.0366315403703026
588.8968291679355,154.3561663502109,279.5067548810218,0.13870580630021678,0.869613480518888
506.324300382834,1.9938609656129622,12.88318384073456,0.0017917009694216003,0.04008271765981057
339.199063025485,0.0,83.06911645084254,0.0,0.2584482207279596
703.210387454365,517.6210490855387,560.7203167842642,0.46513881932307805,1.7445372527185594
192.047389458464,437.57865318946534,1.0506238601597335,0.39321201961378444,0.003268746303246249
764.5236219956789,33.37183907490228,158.62701410091006,0.02998822759113618,0.49352721330591853
480.30857885134253,270.77885667208335,381.00831782484516,0.24332425799263074,1.1854095244007545
112.9842461311605,166.3768297950989,232.3194518086176,0.14950768001094236,0.7228023063898036
162.8377944997275,13.816594732819176,18.972283606618518,0.012415713333997254,0.05902738768358549
462.297941281686,10.679322146025894,30.933714939296767,0.00959653264284546,0.09624230915346473
588.3299587206525,23.71705649142132,75.74902847456791,0.021312355194456987,0.23567364704918628
99.92446986214324,93.00428565754925,140.93371219832434,0.08357446765189389,0.43847904870635973
377.084744123361,309.48367850405054,471.2049849486954,0.27810475071184443,1.4660332884388119
305.07782053741903,209.31149195761967,363.048009068555,0.18808914438838875,1.1295306365527678
776.546315056896,287.98573524911166,159.55634519432178,0.25878651015508464,0.4964185883177325
847.130235424328,30.043851662585933,0.0,0.026997668883329298,0.0
239.0581201612955,5.28445557722921,4.220914330480372,0.004748658178217662,0.013132290858099457
701.1904535120225,213.16199539994386,194.15018449119307,0.1915492405883525,0.604048434359446
509.288090661669,1.0414930133827869,59.66201097115728,0.0009358947659372503,0.18562302380659554
99.92446913996085,93.00426357616324,140.93365000221195,0.08357444780936654,0.4384788551991302
207.039615537875,166.533493540927,0.013265159548037087,0.1496484594284215,4.1271136968111046e-05
271.2265476839845,0.5850120599595521,2.9412740993142137,0.0005256969733747832,0.00915101893603059
748.529757311133,7.240805229291515,152.0551203271319,0.00650665115194041,0.47308045372528396
273.123144717737,342.04433882450485,420.99311977735846,0.30736404595223776,1.3098119661542096
307.854788698725,142.6382756607574,134.55352217659848,0.12817600684581204,0.4186287261138819
379.157336569597,106.68497978610526,213.70613851094117,0.09586805950971869,0.664891762626126
504.3088837807615,8.562360276117051,11.006150057884346,0.007694212120020947,0.034242809133625825
146.93700630552001,73.48192287107622,82.40013101149925,0.06603150104932001,0.25636684435273954
727.3986560912,0.0,9.196784303326709,0.0,0.028613432297912772
379.175260219914,1.91321385801389,21.786128737727893,0.0017192307704667377,0.06778194411334601
303.9199534587075,6.033573815944386,13.719239700359225,0.00542182240464343,0.0426838907380995
524.278253664372,18.311324696698208,35.05638191467203,0.016454717142417075,0.10906892859957595
524.334526470645,44.52733549746352,160.01684208242617,0.0400126546195963,0.49785130611306105
541.1359575536745,172.0809498820152,187.83363801204442,0.15463345240213977,0.5843961223037678
243.06084631767652,1.6253392284936794,38.86268252977776,0.0014605441008951308,0.12091125536986191
240.0499296988075,1231.1602812203569,121.84073010907272,1.1063314380587936,0.3790761386937322
395.779958636606,52.51685244518232,47.09305672866207,0.04719210469526261,0.14651795083634994
522.2833593148914,72.32089541925487,19.51749700315171,0.06498819158751214,0.06072367913667246
926.9103929359089,7.507490171932512,31.70696681408459,0.006746296582840917,0.09864808376323483
528.3071121275259,13.98408729556688,70.43355772730519,0.01256622362143533,0.21913592502135515
568.3614195268815,423.081791761888,1529.9502688893294,0.3801850126552647,4.760047315908341
464.3140139260415,259.39690320231034,599.0052336047,0.23309633467329616,1.8636509384746238
302.0506598669585,420.6001615831601,33.568184680695545,0.3779549979884167,0.10443878512813193
273.0788939798805,0.0,0.0,0.0,0.0
468.89595295269646,73.00987982039852,51.631414742618354,0.06560731901953241,0.16063788618473634
429.300351534652,4.413466584210987,15.852277600897935,0.0039659798219730275,0.04932029032549321
536.8835099284161,70.25050669102735,54.804954156758185,0.06312772209870583,0.17051153899383845
389.02594294630353,27.857746736318045,0.0012746827815126593,0.0250332158029976,3.965848090721709e-06
308.0976064186515,91.2049104443077,119.97659096030989,0.08195753328710133,0.37327634850970887
199.84964744864448,103.0975659222066,114.0286671262988,0.09264437791480482,0.354770911138947
180.9716186877875,79.17083780276039,107.5149957574477,0.07114360995452745,0.33450529561765485
839.8929520877914,0.00014604956968677717,26.06766151751739,1.3124142560810913e-07,0.08110283370749322
216.85238885025,64.762867519662,78.33963681573982,0.05819648135888393,0.24373365954221796
135.02987964091852,7.9680590348760845,11.133268272538723,0.007160167806789432,0.034638304810036206
604.8707178968104,68.49850002218018,56.344792205867996,0.061553353523792896,0.17530234959836855
305.9170014449145,0.521371534157467,2.2610310044108104,0.00046850903813726156,0.007034617256902319
763.3544098254225,0.0,2.689502855180407,0.0,0.008367697373734294
335.2219244943625,2.5778714505530065,13.91856744656467,0.002316497918690215,0.043304047825950515
187.005726764799,1.4370887674547177,113.63635923058727,0.0012913805838021123,0.35355034588008605
101.9397213448695,39.37023412534401,45.01331785214511,0.035378438048236024,0.1400473774731115
267.943098578003,5.424891006064696,21.165969559510074,0.004874854687565707,0.06585247810929437
352.852469029812,44.848619258402664,46.382284022719034,0.0403013630279868,0.14430656411356374
190.926916668962,330.53164891175527,367.58477368412395,0.2970186417174032,1.1436456144513134
758.8669541846625,12.950042858270441,89.77078882505177,0.011637022211366362,0.2792987530920669
738.5076144390205,56.32917490292736,38.26753459532477,0.05061789112726172,0.11905960542700597
427.15741633342896,64.92019390278446,19.09911868778181,0.05833785622805363,0.05942200246285712
889.451907519629,0.0,0.9376404867936238,0.0,0.002917227555173449
500.27767244464553,359.66561371448654,576.930528050289,0.32319867827983273,1.7949711617129764
774.5387828425595,15.192596759185552,29.877936677064604,0.013652200835927358,0.09295752625200422
345.1543858808785,0.0,0.0,0.0,0.0
439.08498361991997,344.72941967370593,358.8183352167241,0.30977688317783136,1.1163710926937433
188.0550660519075,12.091538600122082,64.83844102793628,0.010865562747489394,0.20172815643658987
738.5078052655305,56.47382382427755,38.365802635136895,0.050747873917977145,0.11936534119414752
498.7839197321225,49.161231609975886,34.88468824784559,0.04417671435103047,0.10853474785229654
656.8843169109665,55.5946454456861,112.21451862335466,0.04995783650795514,0.34912665401000953
459.223368821324,0.010834725128298972,55.1699603454508,9.73617912712481e-06,0.17164716200336116
367.15749852537203,3.467465601510619,26.863720241014132,0.0031158950332089495,0.08357956596940976
615.7114166235949,57.06505733580964,46.399196474827455,0.051279161542358176,0.1443591828645788
319.22680022345753,100.105501460524,112.30996196009163,0.08995568251977733,0.3494236014390171
821.8515855144865,0.0,97.21040433416616,0.0,0.3024452059903419
528.3070897171244,14.178102374188333,71.39120092209848,0.012740567274500226,0.22211538586506147
128.03408938666752,5.83178280806069,6.142399098951344,0.005240491233272295,0.01911049720944631
438.295914502531,45.11626208330007,71.75445738820733,0.040541869220292945,0.22324556506215593
614.332015939435,52.675439445656934,81.14027847253027,0.04733461236625293,0.25244713675275776
469.7808874161585,14.939726158348607,17.049056465318056,0.013424969093859282,0.053043760386683105
566.3458995522715,70.96934005546953,39.22202127366961,0.06377367207121441,0.12202924558048885
400.908305259807,43.64366066777756,27.901441669549065,0.03921857665914279,0.08680816967045958
552.36640164047,25.481905412710596,235.33454813435108,0.02289826393016693,0.7321830042231597
845.884714861432,3.992234385558182,37.270600047745404,0.003587456869924662,0.11595789963052515
528.3070601531399,14.655631854091485,71.82577581548128,0.013169679457759625,0.22346745403150564
319.2268669906455,100.2279707233469,112.44736218333856,0.09006573447460692,0.34985108694437705
763.18964873667,115.49852945854171,77.03377328838832,0.1037879926266676,0.23967080056914516
598.335735101996,91.6088699195404,50.445395506875336,0.08232053481823313,0.15694789194471925
362.0442999284955,48.64826081507931,0.003007589614437478,0.04371575429094995,9.357342629149538e-06
742.538155849328,40.171431416826486,18.142510349078854,0.0360984009687227,0.056445761308087976
524.2783037607395,18.683111291098566,35.7483711313893,0.016788807840361148,0.11122187531990549
772.5263681295476,0.3364796509945872,6.042676228486878,0.00030236356861136816,0.018800235110382358
336.064964141183,75.39743477740014,0.0,0.06775279686617457,0.0
889.4523774000461,0.0,0.10994924727630329,0.0,0.00034207884401605214
740.52213933485,6.824683999277547,14.855597881355322,0.006132720961184241,0.04621937736099981
369.172777559616,0.0,0.701576161251402,0.0,0.0021827740359785398
528.274137598444,107.23931689604215,78.6296777361058,0.09636619170368287,0.24463604737309427
295.22659109569247,0.0019272108899244245,0.0004685130122175085,1.7318086262328341e-06,1.4576579066802354e-06
272.78746923600704,71.09348050215704,89.10107640985598,0.06388522576653742,0.2772151149181951
259.0210723584755,19.82974056362605,41.76998570697447,0.01781917897184227,0.12995658250666708
325.1831705264045,0.0,11.756441386034368,0.0,0.03657714789961885
460.2406034494905,0.0,30.633471599849138,0.0,0.0953081791159606
303.231803754268,0.28543818291410467,0.8468080382002903,0.00025649725725982017,0.0026346257203844286
672.858402366488,36.62034870260279,36.16096947750393,0.03290736686388737,0.11250556910388512
369.17292445328656,0.3483558633724668,3.142297332851318,0.000313035637325027,0.00977645109725251
690.395053037124,22.474952547638434,7.9080620148252265,0.02019618968513622,0.024603903887040958
524.2988248976064,107.70661573356146,183.1577719315476,0.09678611054187304,0.5698483659233115
332.92073592025554,27.559114095409033,16.821990633561406,0.024764861889938716,0.052337303369768176
497.171779909174,57.64509092487256,107.76330346423258,0.05180038481807522,0.3352778412730497
386.954887770462,0.0,0.01992453658466875,0.0,6.199007825229548e-05
242.040659184915,7.8591282202191906,9.46024627506415,0.007062281620346817,0.029433126556552395
768.1228099142536,80.4143965461754,72.56027101919712,0.07226108275957051,0.22575264721332927
451.0263506554415,72.5825679529001,67.57503698080453,0.06522333282368105,0.21024237188859446
522.2833628992425,72.32141172509316,19.51763533723108,0.06498865554447149,0.0607241095276313
852.5751433533195,5.902672632652198,50.253194764789605,0.0053041934520494625,0.15634990869971815
398.1295581896195,143.35234064128835,35.196342058509124,0.1288176719066725,0.10950437864037339
724.8723223519864,32.40757372862156,66.3004465516756,0.029121730284901143,0.2062768111285954
295.048912597646,10.26587533885352,35.379449537517246,0.009225005711935673,0.11007407053278248
564.330249993166,224.53051103196378,236.35603908433833,0.2017650885487005,0.7353611109587735
309.17299365147403,16.521841765081316,28.465786967120565,0.014846672068744788,0.0885639851198734
478.293216686924,356.6565092049511,1174.1315563698404,0.32049467054819625,3.6530087788270604
336.857687300875,24.17240070557963,30.41289302152477,0.021721531503135636,0.09462190552194241
944.808000905188,21.978517788326748,28.9704270013871,0.019750089051815536,0.09013404297695272
381.1728473628085,117.30904856857761,42.56259611107702,0.10541494099496086,0.13242258620843989
876.82106048732,22.172284410949054,24.913249215576045,0.019924209440138202,0.07751117632421328
263.8644886610165,218.03883323354137,227.54062361498777,0.19593160988333608,0.707934209838673
301.216186841335,0.24521377158457064,26.16749695096974,0.00022035124807638485,0.08141344601738378
740.8461170774644,30.09057668468188,27.7409140493595,0.027039656398421562,0.08630872920945218
372.972887724876,134.3897164558001,12.563212168954347,0.12076377912344928,0.03908720798319226
808.8336807404414,32.21648730631932,30.7422781175992,0.02895001834811774,0.0956467026505494
134.8933414182515,36.39098595533925,42.973732935864874,0.03270125948543485,0.13370173284418196
606.074009238921,25.416837461410957,13.713515913301926,0.02283979329784478,0.04266608264474317
369.2273296446935,26.417054027155704,66.20949615985633,0.023738596685535095,0.20599384234375084
744.5543965504276,16.93240205764255,7.566997737303561,0.015215605152281951,0.0235427699849908
528.3056345272,3.918559799256858,7.712755080097152,0.003521252239825373,0.023996256521414128
703.1893007255451,63.341705228269305,57.08849599147839,0.0569194124463026,0.17761619291766514
283.1085283159865,0.0654160237263418,0.014442784553530647,5.878341326079424e-05,4.4935014716644355e-05
642.3618204507715,45.432389005549865,134.5526608100568,0.04082594364816114,0.4186260461931171
810.5644958195969,6.1318538057619705,35.34232286213052,0.0055101376663732144,0.10995856041776976
379.0823657777465,79.81459125286406,114.01432313693495,0.07172209245682402,0.3547262835000889
289.10036141255205,78.71597929651391,0.0,0.0707348701072428,0.0
876.5058072062045,37.79510791024672,0.7732761629408451,0.033963015802039635,0.0024058501761201547
151.0247905138875,5.151834128792562,0.0011589193071195325,0.004629483380261282,3.6056797723323435e-06
792.8601917270901,19.6575875912622,46.28492044280638,0.017664480799405614,0.14400364234110188
660.167085334451,0.0,0.0,0.0,0.0
915.4330308770565,0.0010688557135246873,0.00011969737545387356,9.604831285240887e-07,3.7240764117392265e-07
595.2886178618355,30.762505525793614,0.4721164051170783,0.02764345755445258,0.0014688689382075623
355.157165871286,17.822125010433503,12.592918479144789,0.016015118009258984,0.03917963153771094
431.188882353169,1.9432685239011,1.1743886745912235,0.001746238157107261,0.003653808736135774
722.512704243593,10.330825522819348,0.0,0.009283370517497684,0.0
287.138889431736,111.41093342741254,2.527958881018355,0.10011484294477566,0.007865094788377406
812.5798459455905,39.18001988636792,5.180922700779304,0.035207509863047104,0.016119110337930224
526.2931291182244,84.66930407144604,93.89184583053073,0.07608458001906122,0.29212036353034343
555.2729377465926,147.54091306552775,0.8877591269048679,0.13258155986196693,0.0027620345151900655
508.340232070439,134.8054315969244,514.6977934666263,0.1211373443991638,1.601349991639488
231.966240375878,33.461862938751835,42.77921359982813,0.03006912382558387,0.13309653588959983
386.9548851285155,0.0,0.020145514816128696,0.0,6.267759526439986e-05
282.083227418765,22.00273790630611,26.205665259825537,0.01977185346247984,0.08153219690740696
721.5052438385045,1.613909394709026,3.2041346158086412,0.0014502731519044645,0.009968841921156709
492.34552595932996,6.58480799840835,66.66320204126562,0.005917166280737308,0.20740543166592013
750.1125461175025,18.082110095893334,0.0,0.016248742889673016,0.0
725.192561013045,36.584587880212176,40.03221406643685,0.03287523187491392,0.12454995236880793
135.0298452645545,7.708718323116516,10.750525795427142,0.006927121966239933,0.033447499894408664
441.0530873597095,34.1991723356375,69.01430922709869,0.030731676523062242,0.214720297826545
815.919205712056,3.574408041419028,15.709547004369188,0.0032119944486450214,0.04887622073269667
662.3306585193229,12.287683419118222,10.89229467477696,0.011041820203953702,0.03388857735120621
476.277580389114,53.44167891391797,102.21496803932793,0.04802316187986976,0.3180156206086819
305.916999180014,0.521603193822898,2.261311495060667,0.000468717209546546,0.0070354899315193545
197.80658586999948,62.03848989683062,92.73001185314926,0.055748331707487914,0.2885056155100823
689.1715039411915,19.000634808799667,9.32715485898461e-05,0.017074137261163726,2.9019046798038567e-07
662.330821840637,12.281281538851498,10.899427983025472,0.011036067418138727,0.03391077080773374
640.34610695075,25.21058590773463,54.105265947128366,0.02265445384086164,0.16833463883443722
405.173292767969,9.431311620156627,12.550842458721167,0.008475059427003197,0.03904872280678404
764.525016670452,60.55989538704892,48.41113328095766,0.05441965369921822,0.15061880749979628
180.06536129271,117.17966927179847,101.84043838527211,0.10529867962294939,0.31685036778264675
960.782327293917,11.25247915968285,6.696800143859209,0.010111576567527666,0.020835373670735624
612.260666244739,30.328526219677492,41.944847998514774,0.02725347993972049,0.13050062161592796
317.2112461682305,9.86428526110499,63.55937758562128,0.008864133342185993,0.19774867904489143
172.990105037302,7.389349659728556,9.600892310852386,0.006640134481323112,0.029870710573994312
553.977003303695,0.0005144184684093833,0.0,4.6226095220943273e-07,0.0
528.274258416343,106.41362737870858,78.2526361353634,0.09562421985400928,0.24346297927010127
843.494591962155,2.56644704266229e-07,14.944869234424274,2.3062318454554785e-10,0.04649712224800967
300.046467902453,74.94156709463776,24.182166810628424,0.06734315016401235,0.07523660118922863
860.8471101072455,13.046165997390425,32.62371998328863,0.011723399308122542,0.10150032579433566
164.8349325453815,8.236527826497266,9.39972115642464,0.007401416220045387,0.029244818194912515
173.86986275551197,25.97826140294521,23.823637311332998,0.02334429378090338,0.07412112873532066
554.3466748438725,16.713820116203006,24.433296951746964,0.015019185500596315,0.07601792812415104
78.95774596858351,109.22168778254787,150.89880650302334,0.09814756758713798,0.4694828802441593
319.2268191544375,100.1402260495822,112.34892003151934,0.08998688634038034,0.3495448094724436
331.226863953407,45.87615581118874,26.893628112179613,0.04122471639589677,0.08367261662913422
218.866401609729,36.223372419285695,26.989577027183138,0.03255064049032202,0.08397113703506769
718.541701726277,370.30090013649345,299.4135130758998,0.3327556400344494,0.9315482458774736
389.0258989088825,27.856044591355555,0.0015862326417899197,0.0250316862405898,4.93515546386984e-06
762.508836893678,5.116039813574524,4.942919520914785,0.004597318294339042,0.015378624571478362
215.03135205058152,13.77581759184223,16.929051019125588,0.012379070637099792,0.052670394262529584
327.232133596707,60.817896568052404,19.303716382735526,0.05465149582566947,0.06005855564272778
201.80063054137452,3.247139027305787,3.910823887336133,0.002917907639202879,0.012167524086530405
615.3470768489715,10.852747707069529,3.7526762434192547,0.009752374374642861,0.011675488310432759
892.7953978312801,11.32121157445772,4.76145014022963,0.010173340118901955,0.014814029201279172
611.1439003973464,48.92218772833708,0.04270732568283578,0.04396190742022982,0.00013287287509925654
818.888083404571,5.753475962058105,5.617858245002671,0.005170124013935089,0.01747852306316557
714.5078929408305,3.881631096548507,4.595177567033312,0.0034880677833446306,0.014296714794499878
266.016534763339,0.007933900436742913,0.006074590756706355,7.1294725906009385e-06,1.8899528968149308e-05
242.174834250674,27.625299007497567,48.01828252866685,0.02482433623303247,0.1493965532821138
299.09468113088496,0.0,5.735522301725648,0.0,0.017844604555337006
245.041857503016,76.0382239701637,129.8496993670495,0.0683286156607997,0.4039939895512638
903.758080549195,0.0,13.558619602437215,0.0,0.04218416255637917
506.3241170956395,1.978972271592116,12.786981655363006,0.0017783218582545532,0.03978340926817584
712.1327806173,35.25186560210428,38.75827788784206,0.03167763593475687,0.12058642714131095
174.039500054376,1.2607553665336328,7.558485148671227,0.0011329258415605495,0.02351628525179735
811.8231893431815,0.0,39.63370727864133,0.0,0.12331010084932399
164.070338270992,97.59834435560366,69.59177960684798,0.08770272913293119,0.21651694859816628
369.1546006221145,0.0,0.0,0.0,0.0
209.0840331476235,0.9852956215884088,0.0012834743329027086,0.0008853952962683616,3.993200744888209e-06
606.07388793504,25.43053965969804,13.72090885959363,0.02285210621352826,0.04268908389835779
287.774645069319,26.4749235306608,25.034171177628625,0.023790598729468055,0.07788739395207162
744.426034810901,0.0011213886592500444,5.141033538850271,1.0076896947822123e-06,0.015995005455546066
297.7320002279065,16.86550833085092,18.264360369812252,0.015155493862072735,0.05682486635217313
195.809598486531,46.07102031541159,67.88021100605026,0.041399823350264875,0.2111918424885836
145.049088737245,2.050326762388156,5.364657371421375,0.0018424416301627948,0.016690753576023187
316.77770946205453,17.559753168315076,18.871032412479778,0.015779348368356264,0.058712370597937005
522.986152042184,9.530611123344203,0.002775071730644285,0.00856429083239839,8.633922952604133e-06
359.123992004454,2.2977147843470127,5.6760708475249935,0.0020647466787150196,0.017659636624843347
572.1141863196435,29.118699226588646,10.88377944025548,0.0261663187816789,0.033862084386008254
175.0234605873515,0.0,0.06974752493673253,0.0,0.00021700151019115213
619.395779396775,15.730728276639606,37.361921741944215,0.014135770542204416,0.1162420236273599
344.0178956037105,0.0,1.113610691735408,0.0,0.003464713652431406
824.8081483445685,11.650701344111537,4.77463032024099,0.010469422518770673,0.014855035946244684
624.8141376762355,0.45387661602218127,11.749588503693115,0.000407857512108291,0.03655582691627839
528.305802757044,3.828140373511136,7.643315384710554,0.003440000549984828,0.023780212743806626
928.834584073647,9.043462541211179,27.08675703958656,0.008126534839421332,0.08427348768437123
838.5972128331459,9.600680186652468,6.707035244650074,0.00862725550788031,0.02086721755810784
612.330093657381,23.959648622612146,8.378292139312919,0.02153035061345805,0.026066904147534257
716.522533762605,9.79724341672934,6.095291927082679,0.008803888952215332,0.01896393534297711
592.36128186773,7.263256490462718,8.353586962940692,0.006526826052346676,0.02599004033642161
620.8449978198535,11.618516877665185,3.6189554834424853,0.010440501274648458,0.011259450510020641
429.1732775044235,10.695211729200727,2.0825766045245993,0.009610811161793896,0.006479402225104551
130.0858915354535,2.251921812242715,1.047635375832768,0.0020235967119284727,0.0032594484018121494
756.8202532063481,9.939028703996527,4.220287659602215,0.008931298456201605,0.013130341132613485
303.231952995122,24.08257718871735,18.336013017647122,0.02164081530224972,0.05704779516295841
195.101330300658,3.996853663079053,2.5352221312805217,0.0035916077932612992,0.00788769252610668
297.2423917555925,5.748671668080764,24.030248012576934,0.00516580683318626,0.0747639448672516
372.7133054690065,18.40014183959984,21.99157017618262,0.01653452900682618,0.06842112238441667
187.0710715515035,6.365003988369536,24.28011830245807,0.005719648467478835,0.0755413520986235
874.4912040456124,24.545932460653194,1.4263792730647804,0.022057190417782833,0.004437812763122194
528.3044961438841,4.530412983296905,8.18264192543658,0.004071068882958877,0.02545818875700392
600.202846626248,5.099783382976379,16.82428580843883,0.004582710123075166,0.05234444421691659
114.9328178200185,1.2849006237045542,5.172523538411298,0.001154622981645126,0.016092978501426332
990.977746446824,0.0,0.0027518283746101914,0.0,8.561607220026034e-06
504.30900407279046,8.39591662618169,10.903683382180624,0.007544644394845296,0.03392401038926687
509.04077613017546,18.014855998637664,40.26467401172801,0.01618830776740083,0.12527319178458493
978.799557903472,6.634413038631813,9.856531408646646,0.005961741805404972,0.030666065969552476
688.8326858602666,10.594528100645967,2.4739003361676715,0.009520335969191392,0.007696905510234915
187.9763832365405,32.27087111758213,38.2219932004873,0.02899888811839807,0.118917915073622
146.04457570037198,24.03188011661485,21.91558491932676,0.021595258468147718,0.06818471377343097
512.29922682221,15.159171386655176,47.163759580655494,0.013622164502703123,0.14673792460131596
92.02412150425255,60.22659562361042,41.063467062299765,0.054120147605483566,0.12775843120292277
102.9474722632655,12.029019283220379,12.542118723413672,0.010809382340413757,0.03902158114494083
295.7351404876795,11.4327815818665,12.981120241875146,0.010273597907123027,0.040387421618402246
812.580346886039,39.22607198865293,5.17452181639204,0.035248892686489154,0.016099195630134427
552.85784069806,9.772512382794257,1.5739919266895286,0.008781665427987471,0.004897071622686744
264.933104526046,7.778164886347251,2.9883889606355183,0.00698952725768675,0.009297604726256752
452.277671854573,379.29252623344576,832.106977137373,0.3408355941899455,2.588887144643438
417.021235725316,9.41483244783656,7.680960247535133,0.008460251098072372,0.02389733506594325
497.18830628744047,21.190026165931407,2.4718304559129365,0.019041543557123917,0.007690465609441304
264.107688334813,1.0270903120870116,7.1093897317689425,0.000922952372099876,0.02211904020581012
429.17345723966946,10.79746959301731,2.1024883033488164,0.00970270097602416,0.006541352361962396
986.7879986836635,4.370004687059593,1.8917363197443018,0.003926924579605556,0.0058856516935953795
201.111938842341,0.0004024093627750247,0.00039279664493685473,3.6160858646765666e-07,1.2220858765473547e-06
124.0061214714685,42.41474322505016,25.771467637715432,0.03811426065544546,0.08018130252363108
416.703231728238,11.491026309841484,11.996145794622464,0.010325937131059032,0.03732292660230798
171.058350817037,37.723024841974365,0.0,0.03389824132401441,0.0
124.0138768897465,20.421176136745167,30.073332057884308,0.01835064817053947,0.09356544879492903
387.70057059340047,10.357872374158154,7.83657892135423,0.00930767505557697,0.024381502601111278
476.2775637079315,53.4399111185297,102.21148763909079,0.048021573323412954,0.3180047922372348
547.1407878632435,87.41134996048555,39.55714961411275,0.07854860652959592,0.1230719113388793
257.2261242890635,0.0,4.303531446363758,0.0,0.013389332795151625
588.329958192431,23.612808094339563,75.7498469808625,0.02121867666955813,0.23567619362130035
394.161354435634,39.85423092364235,3.478896747059001,0.03581336182058716,0.01082369372383719
425.079928425394,104.2879652767621,19.81237865666344,0.09371408122628934,0.061641127665459025
453.78520968415296,34.00578792516196,40.572482209806786,0.03055789959393041,0.12623085793679467
487.626780411514,2.8250933960357045,2.1277637799184523,0.0025386537294628435,0.0066199905156658755
612.331047830461,1.335744677328511,1.351964248586419,0.0012003118946327786,0.004206289526887448
573.114685998057,95.8479142007109,0.07136881349878921,0.0861297772272992,0.00022204573314732264
320.0613016528995,81.73295646604933,0.00038012544517185276,0.0734459522802757,1.1826626928941226e-06
947.6106661331071,10.393650521735104,31.516215725318858,0.009339825613114978,0.09805461074221626
494.32431529974053,108.45693930161897,101.2771200662817,0.09746035788782838,0.3150977475133233
504.2712920421675,8.449357247031028,6.764634886875834,0.007592666605939045,0.02104642405125291
952.7939887014779,3.056430415133282,0.7890115917299402,0.0027465352059191568,0.0024548069213786617
307.113612756677,65.48567584345756,84.27109337615093,0.05884600326476686,0.26218786322055604
544.237071825612,5.931447605677628,4.954687172575422,0.00533005089544893,0.01541523659726821
239.09116244957,2.8713506501605393,0.9057252081302654,0.0025802209041493533,0.0028179313625931036
555.2730759160355,147.61883607852843,0.8805125724780147,0.13265158216559864,0.0027394887222642814
114.9328083206955,1.2849526382001715,5.172636537550797,0.001154669722327565,0.01609333006922668
568.2655578865094,1.6635663212846885,6.617867581969952,0.001494895302103769,0.020589795277111442
299.775195998716,11.95608335618821,13.910147811396492,0.01074384147601902,0.04327785229358703
526.2933017333171,41.227172340736075,27.49211436342705,0.037047099032153294,0.08553465288729738
667.1891272295179,17.28710043687427,0.0,0.015534340230044191,0.0
910.811838790696,3.2952532837248034,2.5066388062600358,0.002961143532455069,0.007798762851521722
365.116811370046,27.310059846544608,0.0,0.02454105955525999,0.0
638.198453349851,13.148656474936317,0.006360636025445661,0.01181549815109227,1.9789485355214925e-05
128.0340246537,5.829794677625536,6.140324460842534,0.005238704681807857,0.01910404250581173
812.580279484164,39.21965663589265,5.175335705084954,0.03524312779417318,0.016101727835766817
280.10269332872497,13.767161573723898,40.57046667389414,0.01237129226322046,0.12622458711446388
298.06877730656,18.908146267602884,10.2792936743741,0.016991026246012418,0.0319813821789507
365.13469813598954,24.519418332928105,3.488542748866489,0.022033364589820047,0.01085370478102424
201.955680557322,5.23413346009759,6.962109586802034,0.0047034382819445275,0.021660815861534368
415.2301927665015,19.238686097270467,0.0,0.017288052239028833,0.0
350.08045368710896,2.038468849076511,0.0,0.0018317860051507166,0.0
498.08281552606,0.0,0.0031453187311267783,0.0,9.785851401983876e-06
411.995039835301,3.0396070302232765,3.8810623697006816,0.0027314175645328912,0.012074928768225824
437.05433491902147,0.0,0.006556442556077791,0.0,2.0398687085183193e-05
838.8420132892545,0.000680939689660033,65.31497601409359,6.118983836500626e-07,0.20321077265485504
224.0603023829105,4.227172890595746,22.157526232366436,0.003798574673267012,0.06893745202980442
536.2083717970991,24.24534288987209,13.681634423355604,0.02178707799035941,0.042566891577077735
284.040118151662,70.21564765849378,0.9067707065220176,0.06309639746601545,0.0028211841623178033
484.870396496947,5.930758066574017,0.47483183877538987,0.005329431269556402,0.0014773173126152851
297.0460676713825,2.7089130293657613,9.124123985418672,0.0024342530319316088,0.028387368380500422
255.23187142696298,0.962088317943176,1.976066651600116,0.0008645410094570232,0.006148023862130856
235.92478159217148,2.1589833755504912,1.13147569618396,0.0019400814167349614,0.0035202960254034077
524.9791887674235,11.824790505883245,0.00020750899663468658,0.01062586056800861,6.456109473249964e-07
301.216159469473,0.24509078930520795,26.159695276151773,0.0002202407351203884,0.08138917310993574
341.108017861172,23.3031602203207,28.480516616773667,0.020940424371315068,0.08860981264167019
110.023482040836,82.34782559469399,9.379045969356108,0.07399847907771033,0.029180492660473473
936.8195366651084,2.299517438144202,6.203475343667529,0.0020663665592441332,0.019300520258324943
590.3459573120169,8.239132073421967,15.476434269604447,0.007403756419196719,0.04815095033013221
453.133077103296,95.35483815763408,0.0024381830137076843,0.08568669476587605,7.585780234881672e-06
611.143654786657,50.59515192579817,0.0,0.04546524773637727,0.0
306.748915228702,10.704573563574808,10.96415569879445,0.009619223788357579,0.03411215447096528
428.067207306771,9.008674820003137,6.347298913708624,0.00809527428771418,0.019747990357490624
271.2265945750255,12.637987568330391,29.000753965014628,0.011356606588039867,0.09022839753523498
89.0231922455105,1.4797602627788864,4.09859069941945,0.0013297255641480604,0.01275171229712022
144.92210125358548,128.27420180792635,121.1021041062294,0.11526832396780912,0.3767780935913598
408.09636432491,0.010880416758098477,0.003539034737184643,9.777238026826503e-06,1.1010797634534561e-05
453.08525898071946,0.7924792053415786,1.2881921887967565,0.0007121287717373301,0.00400787914178905
970.8131125835665,3.024388269864539,8.356479133055146,0.0027177418528566946,0.025999038580920397
515.2831020001075,0.00580911546496532,12.962752880163768,5.220122159751814e-06,0.0403302762898302
528.2728250537925,65.40990379325926,187.66795744421213,0.058777913835194415,0.5838806497696306
283.26304951256145,4.715155019170313,2.824038033156359,0.004237079698394819,0.008786269026579308
548.1032903310545,19.049026912048316,22.758445459287543,0.017117622830016468,0.07080705786690136
526.291888065154,21.299267027803552,15.471803064088398,0.019139708354716317,0.04813654152362761
199.80366654274098,22.862319034267525,32.27931345945537,0.020544280611025537,0.10042879335129493
203.08119150564198,9.999563349902303,7.412692572640822,0.008985695420495264,0.023062689096206828
294.081996260564,0.6108900873986158,4.05280491130328,0.0005489511960357074,0.01260926157681848
234.8186246790715,3.676732602461362,4.022065745235965,0.0033039441975879365,0.012513624556513104
313.27365106453203,6.45079286249179,9.536258035043568,0.005796739102975166,0.029669617625200106
329.1895695539795,10.210566331227534,49.88687627702562,0.009175304552080345,0.15521020280868
373.0653773224115,12.205347635473316,21.536912112285645,0.010967832545877798,0.06700657059099141
538.3149053980176,55.9800537392546,49.1639547830432,0.05030416778436766,0.1529610182521509
466.29428995629803,9.250052052720386,1.1085644881953483,0.008312177988280307,0.003449013686161374
624.351431713915,9.121125137171392,18.33748683693716,0.00819632313001407,0.05705238057315005
686.3316572238975,2.0006623986022314,0.0,0.0017978127968210514,0.0
369.148491284278,0.010527119032105237,0.0,9.459761588361832e-06,0.0
329.0931001024345,7.255453933337446,9.520155489353765,0.006519814606008933,0.02961951868999375
217.105464325353,2.7007920222608957,3.085111142112883,0.002426955423646272,0.009598530952221181
655.3587365075805,0.07717959896008963,0.11074494324213369,6.935426524780347e-05,0.00034455444765065895
271.9986168387005,5.487228772943631,1.011653075421938,0.00493087195219691,0.0031474987156206386
200.05501217865952,7.205560969994281,2.447875348684093,0.006474980351097992,0.00761593544582381
160.060285957719,5.6726200009994425,26.98822723087004,0.005097466137427745,0.08396693749051527
478.2932592307295,356.9122189143318,1174.9839358941576,0.3207244535381286,3.6556607387955418
255.9094529559475,0.0003550452358656031,0.0005234870842212302,3.190467661787833e-07,1.6286956124194123e-06
136.8905726819175,6.66058067842384,8.638698750569718,0.0059852562762690124,0.026877092436763794
466.328995374755,314.84892023151235,681.8991334246286,0.2829260040339482,2.121554017657368
957.6311707924681,20.680981638767978,7.088573694796887,0.018584111675700288,0.022054276453071533
259.00847669717996,0.058921035164562596,0.054405339166432753,5.2946959514409534e-05,0.00016926823958680857
255.231698644572,6.2048319723600756,14.246142241098996,0.005575716487612758,0.044323212666265425
299.258172453472,0.0,2.293367034814844,0.0,0.007135222510459736
175.023405345184,0.0,0.5742520795057684,0.0,0.0017866378569877193
700.5280761172125,0.8730890103314176,1.7446454038768997,0.000784565450240026,0.005428016087061966
98.94990064357336,3.0322019515263943,1.4161620407437105,0.002724763295800684,0.0044060244689044835
450.2984942732505,13.861986748905512,8.484688432536402,0.012456502998185742,0.026397928887540154
577.0283001451875,7.219732562927499,19.249734055529196,0.006487715068931686,0.05989060349621028
433.0163143778735,5.8211623003192585,0.032149077682902316,0.005230947551769798,0.00010002359818173776
630.3717748948111,0.0033059597934814713,6.996381152879812,2.9707644961235393e-06,0.021767443037226115
160.84078489116752,16.058016752647607,21.151761802407872,0.014429874840276061,0.0658082743221291
170.0445879361865,4.234020993108576,12.788883492159078,0.0038047284383100847,0.03978932634490737
212.000910222338,0.00020025657961530996,4.871526213361644,1.799523206571732e-07,0.015156502631371868
790.2292788793061,2.2843716939947214,0.00041516175274942534,0.0020527564605746437,1.2916691653496185e-06
588.070583500698,0.0,0.9065760653802224,0.0,0.0028205785863958874
525.2815566489271,0.7991002895702444,0.1496465689259523,0.0007180785361570753,0.0004655868646423295
731.816129142502,0.0,5.519075878943974,0.0,0.017171187102005128
976.756680839698,2.9160494914330393,0.008477427702175966,0.0026203876753641856,2.637533898983791e-05
306.918054041146,0.009471351120103222,0.00968570914180411,8.511039273194436e-06,3.013459635951641e-05
865.4429503353485,0.2155797079377168,0.0,0.00019372181830185363,0.0
873.573130102428,15.525640746153574,6.406927044371674,0.013951477086679976,0.019933507971420215
299.729227629898,5.573356785269968,5.69973372157996,0.005008267340260998,0.017733257579996217
535.1540477409364,0.0,0.0,0.0,0.0
341.7180367387055,3.0254404779105393,3.432201573115506,0.0027186873762450182,0.010678413683096414
161.044206633832,17.267307666076867,23.93669213276703,0.015516554272428866,0.07447286977570639
800.5438348869405,4.930334665510613,11.856913739458676,0.00443044201783277,0.03688974182241842
372.97299101942747,134.4359132258091,12.55948953435154,0.12080529194657824,0.03907562596173084
651.096237387851,12.095538874824591,9.638723898902892,0.010869157429458723,0.029988413843713722
236.091448439059,21.689146130719536,4.6527469267233155,0.01949005713966133,0.01447582707131257
342.0433760825825,27.37689437958286,0.004161906020018424,0.024601117653442712,1.2948701655533685e-05
233.09177475305398,21.394960076908422,29.64076252168903,0.019225698968808803,0.09221961978232668
812.2678742798695,10.667275081323176,9.209228987299586,0.009585707044732649,0.028652150735856134
698.513260071475,8.994026434544672,0.0007372812844383958,0.008082111119931153,2.2938613564270717e-06
283.067272271904,32.723547456610056,9.64269823750263,0.029405667051061117,0.030000778977515047
339.19901827864453,0.0,82.96546754087177,0.0,0.2581257437653186
399.70108041604,7.497900928946614,5.43059030649638,0.006737679604902051,0.016895886969582167
531.314725145013,0.0,1.788998332407977,0.0,0.005566008832774082
355.1572104995505,17.829737818847562,12.594140341681726,0.016021958945738872,0.03918343304917679
571.130159481667,21.275860269065067,13.380101834503778,0.019118674835807002,0.04162875037117763
608.3179036528086,3.423570438398921,5.274743178741108,0.0030764504542455558,0.016411008658666838
552.306820922418,0.03591649715348133,3.0515212814120587,3.227487968216348e-05,0.009494024727723593
489.0547365688235,0.004268357246547616,0.004124754211003889,3.83558329711621e-06,1.2833113343693225e-05
283.2632149002655,4.573892918281009,3.3772484116437957,0.00411014033428119,0.010507441035107019
248.9588771578915,481.57012555725487,704.1386351351491,0.4327431429202788,2.1907465153332253
162.8378168485575,13.814668423740862,18.969545539806475,0.012413982335746853,0.05901886889193293
613.0797019124335,18.930356313847042,0.0,0.01701098438856742,0.0
438.5657297455055,9.790620989423019,2.9334241982620597,0.008797937980894214,0.009126595985041093
275.0873679338575,3.3729561011007525,1.1002563903613887,0.0030309679663651228,0.003423165173566548
532.3404528835686,0.0,1.2743807925139046,0.0,0.003964908529513618
333.058433074869,10.64554643020367,6.6402967617493065,0.009566181488063217,0.020659577909382387
694.4298905193596,6.178263509482771,0.6499255206697683,0.005551841833605138,0.0020220763335335873
401.0781534945935,9.021214745316463,0.07002260897402834,0.008106542774698905,0.00021785736352181612
303.2319725367675,3.9255968270900023,12.21679765369246,0.0035275757748200087,0.03800942819054509
526.2930836775195,82.34903330584324,91.02052460117773,0.07399956433755252,0.28318698498280775
612.260517880082,30.43464682441657,42.0549910158531,0.02734884084685784,0.13084330332572494
114.93283350226301,1.2848147540022241,5.172336990366233,0.0011545458183766925,0.016092398105096297
642.395081803572,4.0049361648850414,6.625891318426227,0.003598870800346996,0.020614759072313735
202.1071371993325,17.651996250248743,0.9369599172470942,0.015862238811658654,0.00291511013782393
922.464349010836,0.0,0.01619727693372397,0.0,5.0393667141460514e-05
507.2726763470645,162.12302442236185,0.0,0.145685173155395,0.0
113.02290640785151,0.017255655503142897,1.307822212635036,1.5506083536512618e-05,0.004068952919272322
387.2114587320345,0.0,0.0,0.0,0.0
369.173024050541,1.156962035999507,8.798134212509245,0.0010396562434567924,0.02737313492788136
274.0643174329045,5.671571677290686,0.11493194375236726,0.005096524104538973,0.0003575812243673379
250.0918790712165,0.9516063318595726,9.014359099770044,0.0008551218047324438,0.028045863130338244
254.924113128734,4.736943268225222,4.1795550675591215,0.004256658810292263,0.013003612134052326
406.01851694787047,2.7766324321229767,4.725731450347634,0.002495106281812778,0.014702899671543554
528.2728347632805,63.99800804277375,183.61707865901684,0.05750917191763075,0.5712773808394993
908.769551050121,1.8753860854194364,0.0,0.00168523840189268,0.0
218.10200897232448,17.55980406227323,3.438622174588457,0.0157793941021139,0.010698389735540277
378.7778326407805,4.403673957368833,1.2430997520838694,0.0039571800815152575,0.003867585606301282
382.099645718117,7.987777922829593,4.31925272235958,0.007177887372632558,0.013438245507628807
235.92474548072101,2.024795826976396,0.9885939811988216,0.0018194993074450078,0.003075756266342398
466.294737335714,9.367631448730656,1.1226556892196828,0.00841783586585997,0.0034928548390261017
645.015962438498,5.2070635183176615,13.630634398972907,0.00467911299459212,0.042408218099834354
546.1406045993805,3.462605171090248,7.1028228362617565,0.0031115274077595455,0.022098608997052252
419.1526558859965,1.7893330403815568,1.4293949651568667,0.0016079103800921979,0.004447195314529543
520.2657328637955,2.0399013567578557,6.00180258461699,0.0018330732691303193,0.018673067265289268
616.3608410131669,2.9020554234661873,2.7188557425050774,0.0026078124830239053,0.008459021343777705
322.0438440500335,2.9823208463488493,8.796752108502213,0.0026799396967414823,0.02736883486623703
422.932082196841,0.0,0.014549365746880483,0.0,4.526661472590446e-05
588.330572177756,2.8374979563188907,0.051048076183390856,0.002549800576243005,0.0001588229780798262
628.176614296219,2.962551314124991,0.0,0.0026621746215123726,0.0
548.2970184839751,3.45508646477755,18.223399170476508,0.003104771032254136,0.05669742610073539
448.3063314617495,0.28007529350964033,0.0,0.00025167811775581484,0.0
732.2875010843145,7.947957886218085,5.952370385517034,0.007142104738121074,0.018519271673739738
872.5620779517856,2.1627156331696424,0.0,0.0019434352562000463,0.0
217.02860944397202,1.0644337180230694,1.3576403876426397,0.0009565094845420516,0.00422394937572613
342.043508756497,27.386840529044072,0.0027849608121757186,0.02461005535067386,8.664690289920705e-06
124.0130815182775,22.71191716727602,29.623521039540513,0.02040912817284705,0.0921659773388485
668.143165093895,9.888118867601715,7.414415886559045,0.008885550430238502,0.023068050744854962
295.2268411223455,8.253174589310376,129.34309601340522,0.0074163751472646755,0.402417823330191
432.16033639161196,2.070967307763207,0.3739542269525109,0.0018609894054568963,0.001163462532393358
616.36031628791,4.115291186814368,4.587847355346575,0.0036980367919488876,0.01427390872349613
379.0713290480385,1.8492370487958336,0.009703533684973897,0.0016617406479991197,3.0190052847611433e-05
179.05475310041498,16.227281017742786,20.981827407159063,0.014581977194998793,0.06527956709651984
686.3313107858105,2.0007750265100173,0.0,0.0017979140052478396,0.0
363.0612648741195,2.88142485945299,4.717614124457499,0.0025892736770692,0.014677644696854902
346.0549116783295,1.0709901249443472,9.290978523931427,0.0009624011293655233,0.028906493422892383
322.910920122733,4.714813438331892,3.4330155947774514,0.0042367727508544,0.01068094630242779
346.05495641680545,1.0722009336135967,9.301482446498568,0.0009634891726663817,0.028939173680178475
681.2032763656296,5.371107961213885,3.5152526835808438,0.004826524771257817,0.010936805882825053
840.782373278139,0.892464630726916,0.01705400129554846,0.0008019765528416996,5.305914495593641e-05
513.145897108386,8.659423821648714,6.461771522659618,0.007781434274235252,0.020104142479597034
597.0967081113155,1.199463107732326,2.667419347605801,0.0010778480796672669,0.008298990211747482
193.814322352,1.481826983875449,0.3801797812481418,0.0013315827378708517,0.0011828317456400554
681.284648069914,0.0,4.2735946774732785,0.0,0.01329619222757779
407.188623946887,35.81383239296912,3.6389162151511574,0.032182624226990045,0.011321553200105075
587.1334895816485,28.82661805994342,2.8950430410290884,0.025903852080914155,0.009007182871959393
313.23741548437954,0.0,0.0,0.0,0.0
552.2034322833815,5.6911431682851035,12.89045128191836,0.005114111218180542,0.04010532843651613
395.09557195107504,1.0295393641748287,0.5178689729311285,0.0009251531118082022,0.0016112163020714119
241.7920811934865,4.948511903227748,4.41429792270744,0.004446776243238093,0.013733954237517285
236.1040928819065,1.6995123605172697,4.442786251454098,0.0015271967285575856,0.01382258835559466
648.2989405007654,0.2697786855718427,0.005306643257653744,0.0002424254954606416,1.6510257561126648e-05
245.0447180289645,72.00968093558895,122.5632002673787,0.06470853152008568,0.3813239190352231
322.04357846642847,1.1667037325974945,2.8332157175929837,0.0010484102175499959,0.008814823034547503
114.93281775548601,1.2849009770586521,5.172524306057097,0.0011546232991722209,0.01609298088975908
362.0497715697125,2.9183962023492995,6.137348771285427,0.002622496450397215,0.019094784412017892
313.1184641328525,0.0,0.0,0.0,0.0
174.9546250046615,0.8798994242302802,0.022216201099196198,0.0007906853479636885,6.912000380814884e-05
566.0661827181285,30.79786539732208,0.27867173273152446,0.027675232245461038,0.0008670155235641668
552.273245423017,7.472010066086275,0.0018120554071108246,0.006714413848218876,5.637744998833691e-06
231.01834879292,30.674254102867483,21.771723945308576,0.027564154050980373,0.06773712730139725
713.0035496654825,3.7807243034307407,10.990283886398341,0.003397392053106466,0.034193445616045266
128.03412891258398,5.832996759475191,6.143665871906597,0.005241582100671629,0.01911443844814415
238.0759501074925,0.2667256085116698,1.7885568134467746,0.00023968197360893167,0.005564635159924102
381.1729024358895,117.39283647312585,42.59484695644579,0.10549023354162985,0.13252292643063862
147.0436521730905,56.553753776162175,41.40377130892789,0.05081969967451051,0.12881720046405068
133.013081182593,8.868560369915837,5.846470910123905,0.007969366212687389,0.01818979265481247
249.14840931143152,3.6716886945783305,1.4891910461733913,0.003299411697679688,0.004633235462848335
659.2208024149255,23.121610021132717,14.753562631658623,0.020777281768348373,0.04590192088785614
283.24206822961696,13.709488013955436,3.02682997904437,0.012319466296049582,0.009417204082012721
319.226877031099,100.24638765802383,112.46802443668936,0.09008228409380481,0.3499153722388752
279.19545914069397,0.19696188824952549,0.05738213632709718,0.00017699168206911282,0.00017852977940464252
380.0561574954595,2.132364693244157,0.0009218816404077401,0.0019161616351074987,2.8681979520770077e-06
313.118332388785,0.021120906050818178,0.015785346753379947,1.8979431614821648e-05,4.911205218366737e-05
218.065670455539,10.421311294380198,2.876479991960682,0.009364681826270206,0.008949428712435443
707.3276529914535,0.007496610891532333,0.004006622551477344,6.736520365955294e-06,1.246557702549555e-05
706.167318390048,27.36977307726588,0.027775244670484867,0.024594718388656987,8.641554011975707e-05
302.0523693882965,361.9731579511004,28.855335381688757,0.32527225779065544,0.08977596496188996
192.9274011017755,3.8370535363733325,5.510079676508738,0.00344800999638868,0.01714319772867321
346.0153308094005,0.0,0.0,0.0,0.0
190.9270729864785,17.37348318187867,18.35070323911998,0.015611964523129292,0.057093500014098915
384.08730079238455,10.928061814716607,5.813957458448924,0.009820052293018132,0.018088635400538608
693.3638948674616,0.0,8.254127639976403,0.0,0.025680598197716068
502.2933078339805,38.15777254817968,66.92676079362283,0.03428890942981305,0.2082254270326014
326.12363342874903,35.03391625488092,4.545602295128816,0.031481784737787954,0.014142474068665216
552.3059644668815,0.22559896265062385,2.973728235954049,0.00020272520855403137,0.009251991646806818
297.2423447987635,5.745082280498225,24.01524387269874,0.005162581377990446,0.07471726333961833
406.02804048511496,6.426970644737324,2.965163409365596,0.005775332248946441,0.009225344388629476
171.945166163627,6.233808565285486,9.374131234636863,0.0056017551084245314,0.029165201725673526
805.3498145856674,1.4149024904078908,0.02697889901851802,0.0012714438004565217,8.393791515359926e-05
636.2605211124885,3.8070135783705163,2.725731465700554,0.003421015826382205,0.008480413390569732
416.882864194952,1.4415789568711856,0.0,0.0012954155074347633,0.0
112.98425918147501,166.4060716505433,232.35518246911667,0.14953395699898267,0.7229134731630398
448.112639296813,8.370005151180155,0.0,0.007521360115911073,0.0
792.0554926143325,5.074945707245634,0.035341757484869875,0.004560390769593427,0.00010995680139163227
443.197082783142,0.0,4.8021128935809445,0.0,0.014940540914687921
443.6405954635485,1.6540715081946367,0.6334823968930152,0.0014863631796983871,0.001970917777082271
299.25816115267696,0.0,2.2936049623732737,0.0,0.007135962760949517
281.2474494114855,3.3078188131906856,6.7026309645770334,0.0029724350275560805,0.020853514771836626
813.821200562843,0.0733190953251821,10.036039194939576,6.588518278698453e-05,0.031224558342607595
340.858404330373,6.167791475493688,7.9626343394364225,0.0055424315719200725,0.024773691658951335
111.0074620484385,0.020264649618610076,0.0027732698967747327,1.8209992067070083e-05,8.628317009294157e-06
369.154904782839,0.0,0.0,0.0,0.0
150.040884177488,1.6214878819677194,1.509805956052964,0.00145708324709281,0.004697373460295264
728.9773689164665,3.75298711596257,4.365732205333174,0.0033724671729203127,0.013582854481313864
503.161614884422,8.905807120982733,9.618289063417537,0.008002836470215524,0.02992483610149488
357.0494280108515,8.86501368726775,11.628613955085415,0.007966179132520615,0.03617944567885991
553.9773695356796,0.0,0.0013486966162417834,0.0,4.196123128091526e-06
410.15623820161204,8.25373864378916,0.0,0.007416882011571601,0.0
530.324802741878,1.5044028058674046,7.954819867079555,0.0013518695697242657,0.02474937893524787
738.3925844104106,0.0,0.0,0.0,0.0
384.07690075248354,14.580374175071553,8.21174678467951,0.01310205224664414,0.025548741051373447
320.0614562148505,81.74785731378441,8.584241123532621e-05,0.07345934231287705,2.67076615168968e-07
335.048640015876,1.156657147722437,1.3093731719266346,0.001039382268174156,0.004073778330766525
863.2447987861785,9.859107437810263,7.654725529651783,0.008859480504713042,0.023815712479259496
546.2810119321155,1.8417071752631888,9.828459863613508,0.0016549742375318213,0.03057872856695482
307.2266154905765,0.13190125034368064,8.134835951360559,0.00011852762162683738,0.02530945274694384
112.984276096149,166.44397238094274,232.4014934199775,0.14956801492808083,0.723057557792341
355.16548119239803,0.6254560334304351,0.4408745910252687,0.0005620402830261487,0.0013716680576718937
531.2786432393475,0.0031657123458881387,5.6625367510663445,2.844736908370133e-06,0.017617528759750447
633.1470155913155,10.285475715170731,15.991264783371399,0.009242618782181912,0.04975271324689886
976.262957797613,13.082801123076514,4.243960920608256,0.01175631995371353,0.01320399440409688
525.0153076935915,2.7085522340485486,3.967599698956434,0.002433928818091847,0.01234416744233564
600.348766284435,74.93322663175262,32.78851388754713,0.06733565535083608,0.10201303970248979
772.7944901315985,0.3797519943673844,0.0,0.00034124847628914603,0.0
627.777525088879,3.703314046731048,14.457623215516698,0.0033278305167887237,0.044981181402316855
901.2005062162825,19.89726224338515,14.982406363091034,0.017879854546101366,0.046613909382984216
509.288062426074,1.0449420677884493,59.609956654009636,0.0009389941165082233,0.18546107016819396
780.9915473420169,3.019982661711999,8.246881545474384,0.002713782934690417,0.025658053835728282
254.980370500846,22.6807947836315,0.7766323424334202,0.020381161325655452,0.0024162920666248285
377.143755235426,9.807578401788062,1.9715624789347128,0.00881317606052831,0.006134010285714476
450.0183187746835,9.994306274878516,0.005753463213052479,0.008980971366722768,1.790042309306518e-05
650.7895651407321,1.14962507242048,7.9004080827960275,0.0010330631835675276,0.024580090643334555
401.1630884653765,3.056636402451937,2.424078849356524,0.0027467203079322294,0.007541898749954969
481.3124130212475,11.395590627986746,21.202804145680226,0.010240177789437145,0.06596707946372865
568.265454627454,1.6631094818264136,6.616050219474451,0.0014944847821555993,0.02058414102047013
265.0028777645605,14.331889279746546,10.661947196020474,0.012878761538054754,0.03317191033249518
107.0489367727115,0.0020885964649104416,4.5264377064387045,1.8768311208500634e-06,0.01408284837310514
502.2933796546335,25.56855439523801,47.07522952223184,0.02297612746662773,0.14646248606220405
588.075259523366,0.0,0.8679876489290761,0.0,0.0027005206394883864
428.28730775690804,0.4453840083215401,6.899736555123937,0.00040022598026500717,0.02146675819308484
219.137541891811,0.014692677008063981,7.649960491874232,1.3202968558368748e-05,0.02380088728804613
568.266111823534,1.6556349778650996,6.599584885113845,0.0014877681272712328,0.020532913361491625
115.0387403314665,0.0734396381492779,1.6199708459096607,6.599350362706018e-05,0.005040123220815512
751.5467947297755,2.1419995925341073,3.832147853852063,0.0019248196402020395,0.011922743815153328
369.1545593322125,0.0,0.0,0.0,0.0
660.9899749677575,2.1435149536474727,3.3159929803940185,0.0019261813570030932,0.010316860493350599
626.36718509278,8.526451007123573,13.066143497677816,0.007661943735626823,0.040651949641830804
144.06530206558102,0.01682606781889584,3.113138094156805,1.5120052271749674e-05,0.009685729615185967
291.98748982448,2.8742918795858894,4.144327099644164,0.0025828639187344105,0.01289400935968226
450.2988434613145,13.93131652995707,8.509153761436094,0.012518803348141023,0.026474046474843388
437.1413870390715,0.40263164386575717,0.0,0.0003618083302073747,0.0
313.1181286098415,0.06143929574013818,0.04591851245434153,5.520989057747283e-05,0.00014286365799161995
784.118663232164,4.448925057858201,0.0,0.0039978431177111,0.0
206.823168025317,3.6859085866649277,4.736846015967685,0.003312189817556664,0.014737479787853879
97.93010604868539,2.314911231966171,2.9839789723642074,0.00208019955752715,0.009283884180392683
504.309223558555,2.72539828100244,4.7558431926881575,0.0024490668237897167,0.014796584624067783
488.314197822252,1.2182718457833601,4.836974948976717,0.0010947497768170854,0.015049005246233916
127.038637210823,2.7188664070244584,3.682275183494661,0.0024431972244844855,0.011456453493977947
640.3465962933515,25.13994352921697,53.953658019775,0.022590973979298965,0.1678629497067947
180.8981719097995,2.5727249715326366,0.36917454275896944,0.002311873247457399,0.0011485917726183536
284.040036681444,70.20862672521851,0.9079986541888996,0.06309008839373183,0.002825004606102594
341.2682329875665,6.978381876918407,9.259527273277179,0.006270835223470585,0.02880864093428346
355.283112904537,0.7451742958375456,11.405099107902814,0.0006696201647288565,0.035484036638427786
638.2770824106055,4.842440988124158,3.41769156178753,0.004351459987643455,0.010633269509537312
368.0581910030025,1.2861913084880188,0.0,0.0011557828023235153,0.0
316.1077374825255,0.24629699541725314,0.0018219387940257015,0.0002213246425229335,5.668494618813428e-06
365.26868204733853,0.006839176324546781,0.3821655659187684,6.145743891911047e-06,0.0011890100046224536
271.226519758761,0.5855962436627271,2.9408068414011557,0.0005262219259794785,0.009149565183042592
176.0213147507685,2.8972561488297113,9.844190315555501e-05,0.0026034998126988457,3.06276698280318e-07
308.7471609537455,2.384570518163301,2.8343051561308243,0.0021427960036992356,0.008818212542751362
137.07067619182249,18.034471251399793,20.26807740783582,0.016205934205751085,0.06305891729005615
344.86288006110453,43.982542010265895,55.051555151190136,0.039523098408816834,0.17127877465209174
171.945175181939,6.233276461001999,9.37337412569164,0.005601276954843615,0.029162846175643017
150.00059056473,2.9061397287158397,0.0,0.00261148267558067,0.0
103.9189891461975,18.729807233169588,17.99997539021143,0.0168307692238877,0.05600230039162791
187.09640947605152,1.9697673729534255,2.7768534107167966,0.0017700502555205587,0.00863946619255083
231.139358175881,10.112473610322127,10.32856562176019,0.009087157571839229,0.03213467918845088
458.076396911581,3.8522209417794926,0.8836135838967856,0.0034616395600536036,0.0027491367228435664
250.14375634736302,2.4528443171496113,2.6092636653872887,0.002204147438899363,0.008118053742975848
360.098131417483,11.71025110180415,8.250941238293866,0.010522934453868853,0.025670684527262337
543.3388902128835,2.427428544689601,5.346876699577697,0.0021813086026211273,0.016635433582291637
600.203326854594,2.480559289611311,3.668184706168743,0.0022290523564856574,0.01141261459271497
568.3106487078445,0.0,2.567286263867579,0.0,0.007987451839439625
530.112084738997,0.9080774683398755,0.0,0.0008160063857984634,0.0
974.321597114088,1.4474387713962351,2.6983110359160585,0.0013006811882150348,0.008395101765838627
794.0530896585155,5.621549860482242,1.2096535968814321,0.005051574060772823,0.003763526484553233
615.153899995728,21.24187610152916,1.7132133447558489,0.01908813636448468,0.005330223307979515
526.2932691780445,42.28297057653785,27.8119680051773,0.037995848596553396,0.08652979534379177
181.04928787047248,6.683786872333754,0.0,0.00600610956586245,0.0
187.04072721907198,4.708619118196961,4.7746508800257885,0.004231206480396193,0.0148550999127346
433.05618998350303,2.976823250332853,1.6092460725367068,0.0026749995086936557,0.005006755842969489
565.159411312973,3.235856719344188,7.1580157810481815,0.002907769258212058,0.022270327669240482
599.0956978241854,0.8939027512565803,2.674306912627055,0.0008032688605760819,0.008320419101339013
243.789164496131,2.551909018297785,1.9234133066733468,0.0022931678491204324,0.005984206502646216
736.3838412527946,1.0548912152632295,0.3195348227424212,0.000947934507780692,0.000994150533035615
278.12326700553103,5.579269802014117,1.9725132681481146,0.0050135808290224584,0.006136968422155429
214.858268608804,1.6051681168882659,1.2750760057122328,0.0014424181629079653,0.003967071506824697
580.2343944559141,6.540342816850201,16.776748137743592,0.005877209478193279,0.05219654296391595
278.0869964336655,9.548148220777191,2.1018381795886842,0.00858004982212407,0.00653932966885769
270.7929349891235,2.346119519754145,3.340704583713488,0.0021082435989362817,0.010393744300258927
228.15896587376,1.2685025670777639,0.8904169016209155,0.0011398875439884595,0.0027703034986078044
166.97359877666798,0.014119445278211629,0.022490603266916764,1.2687857493057364e-05,6.997373567675784e-05
498.2618915034605,0.628042027622085,2.782041969474115,0.0005643640801113048,0.00865560906051747
234.05054412325302,2.26484121501903,6.114683775004792e-05,0.0020352062006931794,1.902426809726929e-07
130.049506814409,7.78360638101982,5.217476972723917,0.006994417032574813,0.016232839566646434
303.23196674251903,4.164604072072866,13.132244390564042,0.003742349783599971,0.04085760559298184
255.0870855445885,3.4144933335372194,0.0031810690935825114,0.003068293688121568,9.897079472798034e-06
225.7970861389405,0.9724967758494252,0.9424173730970828,0.0008738941411158685,0.0029320896100320597
342.8548100195385,5.077829628119892,6.382336581382873,0.004562982286211315,0.019857001061537607
255.231722900005,5.290875950581463,12.202797377584792,0.004754427582081659,0.03796586992720581
267.195528267403,2.5875343125105585,6.671632503448567,0.0023251810512833694,0.020757071021544685
313.27350596502254,13.118576100879988,44.1601182782692,0.011788467662865263,0.13739286613104648
357.0480744697225,8.850800827964386,11.628928405153122,0.007953407332364399,0.036180424009483604
638.3303900925255,2.9746404362627747,2.5185741562120234,0.002673038012805589,0.00783589662747421
191.018384159891,1.346593116534915,1.5432778321806202,0.0012100603973508955,0.004801512606096082
345.154412681863,0.0,0.0,0.0,0.0
177.12727640718902,0.0,0.0,0.0,0.0
155.950759700403,2.948909792548026,0.0007660939125573307,0.0026499162304533352,2.38350444870965e-06
284.2218077320105,1.653785168614952,1.6057451123114663,0.0014861058724380753,0.004995863504399978
478.2939367504045,14.35719355808482,24.1360720108964,0.012901500184736299,0.07509318905864937
628.0651078940509,0.507010817295985,0.0,0.0004556043718811587,0.0
185.02111621657798,1.3665689141784034,2.648626426638227,0.0012280108244970556,0.008240520864848567
396.11477518732704,0.17882758431048054,0.0,0.00016069603733373172,0.0
224.0604645975115,4.184779908995287,21.984942370635704,0.003760479967798487,0.06840050166971405
281.247880175741,1.4576585102963278,6.7527121080836165,0.0013098647353180309,0.021009329387235324
502.2889435457425,664.6852799170339,908.1162043352307,0.5972920283443635,2.825370333191837
578.2190466510075,3.927113438843731,12.589167517955346,0.0035289386154574733,0.03916796138535047
346.05527208564797,2.890756821137379,3.4105100808430726,0.0025976594597716487,0.010610926176038813
200.055073278438,5.9200039138672755,3.0155074473398775,0.005319767493514699,0.009381976932643754
396.1877987668625,15.368820635298233,0.377556381296311,0.013810557158214484,0.0011746697104725128
376.1006318453655,2.598340368023753,2.673810507667378,0.002334891467642648,0.008318874664801459
195.04971176105101,27.773437333967294,7.282264681872591,0.024957454633824625,0.022656896212610942
450.079334212008,3.584671541123627,0.44526628940588603,0.003221217319591158,0.0013853316992385653
186.936957901693,3.5561294085503814,2.0224025345461754,0.003195569108666319,0.006292186061211843
343.22716378622147,0.23187032578489816,3.3205736992740698,0.00020836071052787128,0.01033111222365406
590.346251435838,8.032704638800737,15.826529511958077,0.007218258914052289,0.04924018175978349
704.8073281315606,0.3204357590790856,0.019802621145501575,0.00028794638647376485,6.161076967555541e-05
150.021733308865,0.0031534076469683647,4.051642630812496,2.8336797978878976e-06,0.012605645439586446
327.23196543453196,60.15716993876556,19.13570292084423,0.05405776107553761,0.059535824907896315
870.543961881081,4.005930587748081,0.5816893277341934,0.0035997643974625673,0.001809776944700131
187.9404151149225,14.35988684830766,17.26938424868489,0.012903920398977121,0.05372925369660401
279.2321131833725,0.0,6.141350290718095,0.0,0.01910723411199988
588.1090094422085,1.7066452905552156,2.04881919318059,0.0015336064421154591,0.006374374709813668
127.8689703735085,0.7660008839393,0.856352308893932,0.0006883351196505937,0.002664320267338921
704.12036472811,3.6734434294291054,2.8525303795700254,0.003300988517822834,0.008874915644595697
549.0875548062925,2.3475954310562583,0.8358471872448879,0.0021095698657905824,0.0026005238477737522
271.226526079229,0.5854640221818501,2.9409125984308027,0.0005261031105958829,0.009149894218878164
317.21120833608154,9.865364943807823,63.57123517219103,0.008865103554542167,0.1977855708800525
297.967684827411,0.19152183340739776,0.0,0.00017210320102532527,0.0
315.195529845241,0.0,0.0,0.0,0.0
277.0287586948515,2.9725025521657926,0.5727452913647895,0.0026711168913858235,0.0017819498726839445
271.22666130438,61.34930249191481,134.310836365123,0.05512902185449564,0.4178736715418392
110.02339146599951,81.85284693133741,9.322479987545858,0.07355368690499915,0.02900450213623044
112.984233715937,166.34901098882008,232.28545997371077,0.14948268178737636,0.7226965495258053
506.3242532090215,1.9900289659900017,12.858423661127429,0.0017882575009161767,0.04000568272025931
329.23237846334746,0.7364768316151864,6.297761957136347,0.0006618045470165554,0.01959386883997142
406.0284501877565,6.5882293179517815,2.887501673986785,0.005920240708517573,0.008983719845299018
438.07337687653046,6.149051745049666,1.6964546831291307,0.005525591885611789,0.005278083036549395
299.2581417931155,0.0,2.294012559641443,0.0,0.0071372308951639235
197.8553789442455,1.1344841330502744,1.071060264994483,0.0010194574025148798,0.003332328928092666
297.24223697489947,5.736840206942548,23.98079085761692,0.00515517497832947,0.07461007163195306
295.04895185622297,10.266197765231073,35.38016212466029,0.009225295447109384,0.11007628756466029
313.11853450304204,0.0,0.0,0.0,0.0
530.273008759659,0.022869682776108166,0.21001551078563302,2.0550897734095793e-05,0.0006534093223435258
102.954663513436,0.004340279998635098,0.004528075241967773,3.900213713610168e-06,1.408794314432637e-05
367.2118113037395,8.32410260801074,0.13428364212946775,0.007480111687603397,0.0004177890636620465
604.2291816873394,3.5741105671189084,2.815586807078849,0.003211727135627166,0.008759975207215108
359.12412457041,2.298906824752567,5.679015558435648,0.0020658178566893394,0.017668798336535167
568.2659365693015,1.6622955290367223,6.6165776555779505,0.0014937533570324314,0.020585782002441787
531.2755875737776,0.04874155302337657,5.634905984788793,4.379958748841379e-05,0.017531562727043103
135.900827972674,1.9024830161080417,0.0,0.0017095879417153821,0.0
385.14737988511047,2.840686971616427,0.9201553187888485,0.0025526662533883224,0.002862826945740727
784.2730957712586,2.9449378386233582,11.702910622832453,0.0026463469977836256,0.03641060067852337
333.206515454978,6.0883906829497105,0.03950984335065864,0.005471081322616128,0.0001229247300500758
369.22734390426797,26.4240731936247,66.2263485822753,0.023744904170151085,0.20604627432780498
190.0530900669045,2.445892037971154,3.1306726047457825,0.0021979000597899066,0.009740283741396499
315.2531935944685,0.0,0.0,0.0,0.0
301.21607132942097,0.2446947744307797,26.134573126120255,0.00021988487267729154,0.08131101199237589
271.22709237164804,1.1105019433406391,7.625753610393111,0.0009979067962827162,0.023725573793507267
311.22162277181053,1.4986180421518043,2.3092807143288496,0.001346671330260297,0.007184733837067666
353.23285659756505,4.937736941565217,0.30331386961450085,0.00443709376808602,0.0009436832034968029
460.2831609670995,4.379801684925585,5.6228619885518025,0.003935728247903723,0.017494090926079064
321.0522510768705,2.523462892146985,1.7360092626455954,0.002267605910409722,0.005401146951689535
271.22634408675447,0.5892712267245408,2.937867415144223,0.0005295242980244798,0.009140419913193538
257.226148641495,0.0,4.3045587842844775,0.0,0.013392529093234965
404.0955657245785,6.452501950329618,5.364549243561379,0.005798274904311705,0.0166904171639579
278.12354145566746,6.399637993378415,1.6307124788441112,0.005750770888459822,0.0050735430528569955
255.231553677233,6.355213658011515,14.578037019053772,0.00571085079066187,0.045355818025467405
598.2818788591445,0.13581535307431544,3.052611932334674,0.00012204486870566674,0.009497418007951293
319.22721507355755,1.321205492387063,1.5884652103614179,0.0011872468553931021,0.004942101527576901
545.298297658907,0.9445442363820282,1.2573817419901987,0.0008487757437324611,0.003912020349770954
289.032058125013,0.0,0.0,0.0,0.0
249.14843104617802,3.672314176630309,1.4894447338764703,0.0032999737613432097,0.004634024746980424
379.035435061358,8.198475223035047,0.7297178259802166,0.007367221816479584,0.0022703295980000637
100.92552616092951,0.04239499890206844,2.0785816587227828,3.809651823346267e-05,0.0064669729772866185
450.2617985942395,4.254181885954248,4.9169770198433564,0.0038228451936300274,0.01529791114235321
174.039566457275,1.2655227711062398,7.5835416826132045,0.0011372098731664037,0.023594242221747143
313.237577851798,0.0,0.0,0.0,0.0
377.16305073472097,0.7496734377046259,3.0737296299783012,0.0006736631331122288,0.009563120300392266
93.0332384318564,0.003519375243833167,0.0023995346532217354,3.1625414935568232e-06,7.465535787505647e-06
408.15996096843753,0.0,0.0,0.0,0.0
184.984307822212,0.2181242184736547,0.5775997988467054,0.00019600833780976818,0.0017970534259034395
165.011686406224,0.8571802701735411,0.003489350174521899,0.0007702697166584315,1.0856216878575373e-05
636.819512440499,0.0,0.0,0.0,0.0
127.8689941627845,0.7659447531587094,0.8562710996939229,0.0006882846800383373,0.0026640676057705084
587.1261586313575,6.880125881298577,6.07815559374239,0.006182541523137566,0.01891062004300977
323.0282396507765,0.0,0.0,0.0,0.0
263.1023226768805,0.0027670914336146435,0.47555606402048267,2.486532656785029e-06,0.0014795705534585443
271.22650056544,0.585997759709556,2.940485689768406,0.0005265827318243939,0.009148566002220474
313.23743187450555,0.0,0.0,0.0,0.0
271.2264816488255,0.5863934871753069,2.940169168118142,0.0005269383359995299,0.009147581226399713
447.06029690048797,22.500040266312354,0.23121411455227278,0.020218733729402024,0.000719363333406677
507.324465822035,5.414037733320888,34.01226224287141,0.004865101841388442,0.10582041840790177
362.0502653588575,0.0,0.0,0.0,0.0
348.8948975078925,0.0,0.0,0.0,0.0
74.00568780306325,8.8905172563326,0.05941509657611732,0.007989096863598798,0.00018485481308284284
207.0133019237025,0.2598897703982915,0.00020662088587353105,0.00023353922946288546,6.428478187901476e-07
111.007540652821,0.011042035857259158,0.0015111312664356502,9.922470368317384e-06,4.701496823164065e-06
323.25817915635,1.4071627877673203,5.9844892570170956,0.0012644888357105808,0.018619201293141593
450.01808586437403,9.959072963464006,0.010809270777890845,0.008949310403743884,3.3630269819539915e-05
323.258211611778,1.4084128900507662,5.989320583762996,0.0012656121885981468,0.018634232725454614
236.095007544689,0.030236031789517722,0.06451245913184393,2.717036363269533e-05,0.0002007139474906641
303.23167336533504,0.15507027899858952,19.20371081595941,0.00013934751419582362,0.05974741400669662
195.10130895434952,3.9907860614042616,2.5313734244359796,0.003586155393123937,0.007875718263244937
163.111639735096,2.096560843706338,0.021370459788599305,0.0018839879815617936,6.648869693672874e-05
145.0604689420445,0.024754205861255762,0.5284360420710454,2.2244346724165325e-05,0.0016440930237004063
309.2790149410455,0.0022877546933732784,0.015894493343839855,2.055796453518309e-06,4.945163376715008e-05
387.212107459239,0.0,0.0,0.0,0.0
271.0598132706515,2.1972941339430214,0.0,0.0019745078005876946,0.0
293.210878728905,0.28980066044971764,1.855199996822348,0.00026041741787504884,0.005771978308653227
87.00759778101245,0.9654544747434952,0.31244313168118987,0.0008675658675120094,0.0009720865576975336
235.132626119857,2.762134217160474,2.3240166108804354,0.0024820780585558906,0.007230580794484653
349.235699487307,0.0033838927183810967,0.0,3.0407957066746694e-06,0.0
343.226876423574,0.22972750114846419,3.2898866887400007,0.0002064351494959771,0.01023563747189498
339.28924130071,4.784016027963522,12.651652736329057,0.004298958805483018,0.039362368093889856
152.9946786351625,7.849320810609652,14.258409281893151,0.007053468595964486,0.04436137841308329
207.83098333677452,1.8001529730829176,0.7481573519773921,0.0016176332666146013,0.002327699447213003
116.0702484863485,3.409655555887568,2.454081187438752,0.00306394641865082,0.007635243319228427
271.2265237334315,0.5855130952597949,2.9408733474488544,0.0005261472080945764,0.009149772099528884
112.984314947643,166.53102697036508,232.5078655339306,0.14964624294645854,0.7233885073047572
226.9644873116115,1.1394452663525527,0.8913897373724637,0.001023915520458118,0.0027733302271898638
321.242504457603,0.0018591328239669913,15.510360046208271,1.6706330784509545e-06,0.04825650167068681
175.023264222368,0.002579076809268166,0.7527541329471956,2.3175810646144783e-06,0.002342001150583412
114.932840532294,1.2847762603626327,5.172253364675003,0.001154511227654189,0.016092137925236092
196.02750773714598,0.01857472874003911,0.0,1.669141432840084e-05,0.0
163.0387365776415,2.532217518867583,0.07296582566632992,0.002275472894844816,0.00022701442633699977
315.2530485590355,0.0,0.0,0.0,0.0
232.97328226647699,10.005547974167683,12.703583604292376,0.008991073256404004,0.03952393765186055
341.268033119185,6.964805855053407,9.046312411829033,0.006258635691027794,0.028145277654060767
241.1797862573515,0.8716843209893813,1.9322444810342663,0.0007833031840643657,0.006011682433509989
108.0191369689155,32.885935754834854,10.512367974688694,0.02955159060158443,0.03270653300259486
110.983989829899,2.749660068369865,0.3767798015113508,0.002470868678931984,0.0011722535819249673
301.216554814985,12.023474883039073,5.497596214992088,0.010804400093732054,0.017104358644361852
369.22736026866903,26.432128444884942,66.24568855626342,0.02375214268965712,0.20610644568967457
250.052965735039,4.081103906469356,0.013426704295167268,0.003667315801673012,4.177374195835974e-05
112.984262085213,166.41257805976414,232.36313265884996,0.14953980371543354,0.7229382081365029
315.253225874105,0.0,0.0,0.0,0.0
287.2371902549765,2.3692347626668027,0.6527290703175159,0.0021290151591650524,0.0020307988582111153
169.09676204738452,2.7354497002038127,0.0008768801661018788,0.002458099117333628,2.7281874227563135e-06
158.9772619655065,2.1555122080140947,0.40576466209139994,0.0019369621951105618,0.0012624325312748695
299.258472175557,0.9939711960221231,0.8668131864186747,0.0008931912436243983,0.002696866601031091
297.24260653563,0.1936668586572727,6.51976175020804,0.0001740307395477785,0.020284564178657333
255.11234937287202,1.4860378929977942,0.0,0.001335366697779176,0.0
303.95741610551,2.300301740692019,0.0025384370946568424,0.0020670713403996297,7.89769505893496e-06
125.0958366243765,0.3343741557975335,0.9304378784875595,0.00030047155214144646,0.0028948184893155707
187.8528487298575,2.524309435152261,2.188055650992787,0.00226836662138675,0.00680757318741299
209.117018083509,1.7202316574567036,0.412815439389811,0.0015458152706988653,0.001284369213948048
79.95614627100636,10.900923217505024,14.354706375533453,0.00979566531129206,0.044660982087420406
126.9036435792485,0.0,670.0188403192886,0.0,2.084591536942664
309.241807575081,0.19382498666413173,1.3466260037960425,0.000174172834763076,0.004189680949273654
151.02484114137349,27.739178651467064,10.094785147587997,0.02492666948094517,0.03140733128621941
299.258230276973,0.0,2.2921496156558083,0.0,0.007131434823423014
142.0651082155435,0.0,0.0028376637199535315,0.0,8.82866185148686e-06
143.9502931795995,5.489127607065035,4.516867192585469,0.004932578261209808,0.01405307217729975
91.0538041461957,7.254232517593594,6.8077020576665594,0.006518717031097708,0.02118041649198432
358.241660840991,0.8245217603649123,0.02120941475027016,0.0007409224930088645,6.598764666207144e-05
188.0915217013875,1.7893302325454052,0.0,0.0016079078569459799,0.0
225.148215585189,2.152079944220276,16.65794485672439,0.0019338779327308098,0.05182691706794021
100.92527751179301,0.1532650153919235,2.2394190508057363,0.00013772528846900086,0.006967377213979845
126.90383094194,0.0,0.0,0.0,0.0
116.07028166686851,3.5477990809260103,2.4872315409348458,0.0031880834031243603,0.0077383821299396045
255.231491829348,6.352670244814632,14.570455235471266,0.005708565257232466,0.045332229253122594
112.9842929728095,166.48178793445504,232.4477002930913,0.14960199631648038,0.7232013186104632
