model_type,accuracy,precision,sensitivity,specificity,f1,auc
ConcatFusion,0.8854166666666666,0.87248322147651,0.9027777777777778,0.8680555555555556,0.8873720136518771,0.9498456790123454
GateOnlyFusion,0.9097222222222222,0.9214285714285714,0.8958333333333334,0.9236111111111112,0.9084507042253521,0.9633487654320988
CoAttnOnlyFusion,0.8958333333333334,0.8701298701298701,0.9305555555555556,0.8611111111111112,0.8993288590604027,0.9525945216049382
SelfAttnOnlyFusion,0.8958333333333334,0.9130434782608695,0.875,0.9166666666666666,0.8936170212765957,0.9544270833333334
