fold,accuracy,f1,precision,recall,auc
1,0.8159722222222222,0.8348909657320872,0.7570621468926554,0.9305555555555556,0.9183063271604939
2,0.8784722222222222,0.8689138576779026,0.943089430894309,0.8055555555555556,0.937355324074074
3,0.8541666666666666,0.8359375,0.9553571428571429,0.7430555555555556,0.9263599537037037
4,0.8090277777777778,0.8083623693379791,0.8111888111888111,0.8055555555555556,0.8727816358024691
5,0.8298611111111112,0.8178438661710037,0.88,0.7638888888888888,0.9307002314814815
